lat	lng	location	type
0.05581509999999999	34.5423028	0.0558151N;34.542302800000016E	coordinates
-0.1138	-74.465	0.1138S;74.4650W	coordinates
-0.18	-78.47	0.18S;78.47W	coordinates
0.69	2.25	0.69N;2.25E	coordinates
1.0857	-77.6186	1.0857N;77.6186W	coordinates
1.12	-77.16	1.12N;77.16W	coordinates
1.2941	103.78299999999999	1.2941N;103.7830E	coordinates
1.2951	103.7828	1.2951N;103.7828E	coordinates
1.3521	103.8198	1.3521N;103.8198E	coordinates
1.4256	94.3364	1.4256N;94.3364E	coordinates
-1.44097	-48.48073	1.44097S;48.480729999999994W	coordinates
-1.4529070375052602	-48.4004602432469	1.4529070375052584S;48.400460243246926W	coordinates
1.5644799999999999	104.253943	1.56448N;104.253943E	coordinates
1.79	-78.79	1.79N;78.79W	coordinates
10.24	-75.3	10.24N;75.30W	coordinates
10.4313	-84.0072	10.4313N;84.0072W	coordinates
10.5	-66.9167	10.5000N;66.9167W	coordinates
10.566666699999999	-75.5166667	10.5666667N;75.5166667W	coordinates
10.77	106.68	10.77N;106.68E	coordinates
10.82	106.62	10.82N;106.62E	coordinates
-10.98	-77.11	10.98S;77.11W	coordinates
12.13333	-103.93333	12.13333N;103.93333W	coordinates
-12.23	-77.8472	12.230S;77.8472W	coordinates
12.25	109.199	12.250;109.199	coordinates
12.4097538201049	78.8296588789063	12.409753820104937N;78.82965887890634E	coordinates
12.689	100.98200000000001	12.6890N;100.9820E	coordinates
-12.8	45.2	12.80S;45.20E	coordinates
-12.83	45.14	12.83S;45.14E	coordinates
12.9165	79.13249999999991	12.9165N;79.13249999999994E	coordinates
12.9165	79.1325	12.9165N;79.1325E	coordinates
12.918503969265	79.138657450676	12.918503969265N;79.13865745067596E	coordinates
12.9202	79.1333	12.9202N;79.13329999999996E	coordinates
12.9202	79.1333	12.9202N;79.1333E	coordinates
12.9246	79.1348	12.9246N;79.1348E	coordinates
12.92	79.13	12.92N;79.13E	coordinates
13.0631	80.2518	13.0631N;80.2518E	coordinates
13.26668	79.88434000000001	13.26668N;79.88434E	coordinates
13.765999999999998	100.5268	13.7660N;100.5268E	coordinates
13.766619	100.526786	13.766619N;100.526786E	coordinates
13.76	100.5	13.76N;100.50E	coordinates
14.166667000000002	121.21666667	14.166667N;121.21666667E	coordinates
14.1667	121.2167	14.1667N;121.2167E	coordinates
14.4	-61.0	14.40N;61.00W	coordinates
14.6	121.02	14.60N;121.02E	coordinates
14.778266699999998	-61.1448667	14.7782667N;61.144866699999966W	coordinates
15.42	104.95	15.42N;104.95E	coordinates
-15.5223	-47.5432	15.5223S;47.5432W	coordinates
15.97	105.22	15.97N;105.22E	coordinates
-16.15	-56.38	16.15S;56.38W	coordinates
-16.4048	-49.1518	16.4048S;49.1518W	coordinates
16.75	81.6	16.75N;81.6E	coordinates
16.7788	96.149	16.7788N;96.1490E	coordinates
17.53	114.34	17.53N;114.34E	coordinates
-17.6780447200847	-44.8159790039063	17.67804472008466S;44.81597900390625W	coordinates
-17.7391	168.2636	17.7391S;168.2636E	coordinates
18.2167	109.46700000000001	18.2167N;109.4670E	coordinates
18.24	-66.04	18.24N;66.04W	coordinates
18.428487	-97.396224	18.428487N;97.396224W	coordinates
-18.512178	-44.555031	18.512178S;44.555030999999985W	coordinates
-18.5441	-48.1544	18.5441S;48.1544W	coordinates
-18.584322	-46.513153	18.584322S;46.51315299999999W	coordinates
18.688857000000002	-99.11948199999999	18.688857N;99.119482W	coordinates
-18.8815815	-48.2599173	18.8815815S;48.259917299999984W	coordinates
-18.8816	-48.2599	18.8816S;48.2599W	coordinates
-18.9113	-48.2622	18.9113S;48.2622W	coordinates
18.0	100.0	18N;100E	coordinates
18.0	-66.0	18N;66W	coordinates
-19.03133	15.54865	19.03133S;15.54865E	coordinates
-19.03715	15.55367	19.03715S;15.55367E	coordinates
19.04	-98.2	19.04N;98.20W	coordinates
19.24	-99.9	19.24N;99.9W	coordinates
-19.2806167	147.0308833	19.2806167S;147.0308833E	coordinates
19.287803	-99.159154	19.287803N;99.159154W	coordinates
19.332749	-99.179174	19.332749N;99.179174W	coordinates
19.43	-99.13	19.43N;99.13W	coordinates
19.43	-99.0	19.43N;99W	coordinates
-19.451	-47.5557	19.451S;47.5557W	coordinates
-19.49	132.55	19.49S;132.55E	coordinates
19.52	102.1	19.52N;102.10E	coordinates
-19.55	-43.56	19.55S;43.56W	coordinates
19.88	75.31999999999991	19.88N;75.31999999999994E	coordinates
-19.920833	-43.937778	19.920833S;43.937778W	coordinates
-19.9208	-43.9378	19.9208S;43.9378W	coordinates
-19.9245	-43.9352	19.9245S;43.9352W	coordinates
2.59	-75.18	2.59N;75.18W	coordinates
20.012026300000002	110.1793098	20.0120263N;110.1793098E	coordinates
20.046	110.193	20.046N;110.193E	coordinates
-20.200277800000002	57.545556000000005	20.2002778S;57.54555600000003E	coordinates
20.237556	84.27001800000001	20.237556N;84.270018E	coordinates
-20.268639	-50.548496	20.268639S;50.548496W	coordinates
20.2828	85.7696	20.2828N;85.7696E	coordinates
-20.32	-40.33	20.32S;40.33W	coordinates
20.3	-157.3	20.3N;157.3W	coordinates
-20.45	-42.51	20.45S;42.51W	coordinates
20.57	-89.39	20.57N;89.39W	coordinates
20.683000000000003	-24.219	20.683N;24.219W	coordinates
-20.8049041067506	-55.1870727539063	20.804904106750556S;55.18707275390625W	coordinates
-20.89	-11.42	20.89S;11.42W	coordinates
21.0277	105.8341	21.0277N;105.8341E	coordinates
21.02	105.83	21.02N;105.83E	coordinates
-21.133183	-9.710846	21.133183S;9.710846W	coordinates
21.1801450782301	40.0312507152557	21.18014507823011N;40.03125071525574E	coordinates
-21.204005600000002	55.3331194	21.2040056S;55.33311939999999E	coordinates
-21.2	55.3	21.20S;55.30E	coordinates
-21.2953111	55.441661100000005	21.2953111S;55.44166110000003E	coordinates
21.30261944	117.71093059999998	21.30261944N;117.7109306E	coordinates
-21.32	55.49	21.32S;55.49E	coordinates
-21.35615	55.5739333	21.35615S;55.57393330000002E	coordinates
-21.368092	55.553608	21.368092S;55.553608E	coordinates
21.3891	39.8579	21.3891N;39.85789999999997E	coordinates
21.39	-157.93	21.39N;157.93W	coordinates
21.4597	-157.8042	21.4597N;157.8042W	coordinates
21.55	100.45	21.55N;100.45E	coordinates
22.0667	88.0698	22.0667N;88.0698E	coordinates
-22.133710999999998	166.350494	22.133711S;166.350494E	coordinates
22.28	114.14	22.28N;114.14E	coordinates
22.38	110.09	22.38N;110.09E	coordinates
22.39	114.11	22.39N;114.11E	coordinates
22.45	-158.0	22.45N;158W	coordinates
-22.53	-48.26	22.53S;48.26W	coordinates
22.5431	114.0579	22.5431N;114.0579E	coordinates
22.5645	72.9289	22.5645N;72.9289E	coordinates
22.56	72.96	22.56N;72.96E	coordinates
22.62	114.07	22.62N;114.07E	coordinates
-22.736269	-47.644183	22.736269S;47.644183W	coordinates
-22.7888429925872	-48.5073852539063	22.788842992587245S;48.50738525390625W	coordinates
-22.819046216405898	-47.070896532386506	22.819046216405944S;47.07089653238654W	coordinates
-22.895179000000002	-43.112421999999995	22.895179S;43.112422W	coordinates
-22.8951	-43.2431	22.8951S;43.2431W	coordinates
-22.895255	-43.11229	22.895255S;43.112290W	coordinates
-22.896559	-43.119581	22.896559S;43.119581W	coordinates
-22.897682999999997	-47.061424	22.897683S;47.061424W	coordinates
-22.9068	-43.1729	22.9068S;43.1729W	coordinates
-22.9	-43.17	22.90S;43.17W	coordinates
-22.914131	-43.405982	22.914131S;43.405982W	coordinates
22.974677	88.55700999999999	22.974677N;88.55701E	coordinates
22.99	120.21	22.99N;120.21E	coordinates
23.002234	120.21955700000001	23.002234N;120.21955700000001E	coordinates
23.02	113.12	23.02N;113.12E	coordinates
23.02	120.22	23.02N;120.22E	coordinates
23.053855417002897	113.24860855937	23.05385541700292N;113.24860855937004E	coordinates
-23.096155	-46.728687	23.096155S;46.728687W	coordinates
23.1167	113.25	23.1167N;113.2500E	coordinates
23.11	113.26	23.11N;113.26E	coordinates
23.133333	-82.366667	23.133333N;82.366667W	coordinates
23.13	113.26	23.13N;113.26E	coordinates
23.16	113.23	23.16N;113.23E	coordinates
23.1795011553082	113.36090780542	23.179501155308156N;113.3609078054202E	coordinates
-23.247182029029897	-51.107883453369105	23.247182029029858S;51.10788345336914W	coordinates
23.29	120.27	23.29N;120.27E	coordinates
23.3448	120.9457	23.3448N;120.9457E	coordinates
-23.4355	-48.6832	23.4355S;48.6832W	coordinates
-23.519427	-46.7464	23.519427S;46.746400W	coordinates
-23.530767	-46.748376	23.530767S;46.748376W	coordinates
-23.5342	-46.6881	23.5342S;46.6881W	coordinates
-23.55	-46.6333	23.5500S;46.6333W	coordinates
-23.5575062	-46.6722151	23.5575062S;46.6722151W	coordinates
-23.560035	-46.647337	23.560035S;46.64733699999999W	coordinates
-23.5975	-46.6439	23.5975S;46.6439W	coordinates
23.8	90.37	23.80N;90.37E	coordinates
23.8531860522681	54.6762084960938	23.8531860522681N;54.67620849609375E	coordinates
-23.9491	-51.5415	23.9491S;51.5415W	coordinates
-23.986278	-46.308369	23.986278S;46.30836899999997W	coordinates
23.99574716	121.59225259999998	23.99574716N;121.5922526E	coordinates
23.99	117.8	23.99N;117.8E	coordinates
24.08	120.37	24.08N;120.37E	coordinates
24.11	120.35	24.11N;120.35E	coordinates
24.121298	120.67566599999999	24.121298N;120.675666E	coordinates
-24.1289	-51.4797	24.1289S;51.4797W	coordinates
24.12	120.35	24.12N;120.35E	coordinates
24.13	117.62	24.13N;117.62E	coordinates
-24.18	-48.24	24.18S;48.24000000000001W	coordinates
24.1955	55.65	24.1955N;55.65E	coordinates
-24.265	-69.0717	24.2650S;69.0717W	coordinates
-24.6	-69.53	24.6S;69.53W	coordinates
24.8409346766261	121.961674423218	24.840934676626073N;121.9616744232178E	coordinates
24.93	118.66	24.93N;118.66E	coordinates
24.94	121.2	24.94N;121.20E	coordinates
24.0	119.0	24N;119E	coordinates
25.04094	121.51901699999999	25.040940N;121.519017E	coordinates
25.119474	121.52011200000001	25.119474N;121.520112E	coordinates
-25.252089	-52.021542	25.252089S;52.02154200000001W	coordinates
25.28	55.3	25.28N;55.30E	coordinates
26.0395	-97.5564	26.0395N;97.5564W	coordinates
26.03	97.21	26.03N;97.21E	coordinates
-26.06268	27.43202	26.06268S;27.43202E	coordinates
26.093926	119.313185	26.093926N;119.313185E	coordinates
26.2472	119.0831	26.2472N;119.0831E	coordinates
-26.2737	-54.1406	26.2737S;54.1406W	coordinates
26.33	89.44	26.33N;89.44E	coordinates
26.35	106.42	26.35N;106.42E	coordinates
26.5	119.18	26.5N;119.18000000000006E	coordinates
26.75602	94.20945	26.75602N;94.20945E	coordinates
26.8957	122.0051	26.8957N;122.0051E	coordinates
27.06	30.11	27.06N;30.11E	coordinates
27.33	88.06999999999991	27.33N;88.06999999999994E	coordinates
27.33	88.07	27.33N;88.07E	coordinates
27.34	88.06	27.34N;88.05999999999995E	coordinates
27.4	85.19	27.40N;85.19E	coordinates
-27.4667	153.0333	27.4667S;153.0333E	coordinates
27.47	111.41	27.47N;111.41E	coordinates
28.27	119.54	28.27N;119.54E	coordinates
28.3	118.22	28.30N;118.22E	coordinates
-28.445733299999997	-58.982633299999996	28.4457333S;58.982633299999975W	coordinates
-28.45	-58.98	28.45S;58.98W	coordinates
-28.506825	-59.044826	28.506825S;59.044826W	coordinates
28.52	105.26	28.52N;105.26E	coordinates
28.5629	77.2092	28.5629N;77.2092E	coordinates
28.574552521659196	77.2353515401483	28.57455252165917N;77.23535154014826E	coordinates
28.60828	77.20081	28.60828N;77.20081E	coordinates
28.6280759632089	77.2234153747559	28.6280759632089N;77.22341537475586E	coordinates
28.68	115.89	28.68N;115.89E	coordinates
28.735078	115.81558999999999	28.735078N;115.815590E	coordinates
28.88	105.42	28.88N;105.42E	coordinates
28.91	105.5	28.91N;105.5E	coordinates
28.0	-88.0	28N;88W	coordinates
29.09	-110.95	29.09N;110.95W	coordinates
29.11	128.08	29.11N;128.08E	coordinates
29.1	-111.0	29.1N;111W	coordinates
29.35	106.33	29.35N;106.33E	coordinates
29.4422	-90.2992	29.4422N;90.2992W	coordinates
29.535229562948498	68.5546895	29.53522956294847N;68.5546895E	coordinates
29.5	120.91	29.5N;120.91E	coordinates
29.710689000000002	-95.400586	29.710689N;95.400586W	coordinates
29.7107	-95.4006	29.7107N;95.4006W	coordinates
29.7604	-95.3698	29.7604N;95.3698W	coordinates
-29.83432	30.99865	29.83432S;30.99865E	coordinates
-29.85	31.01	29.85S;31.01E	coordinates
29.9522	122.1035	29.9522N;122.1035E	coordinates
29.97	91.11	29.97N;91.11E	coordinates
-29.0	-50.0	29S;50W	coordinates
3.113648	101.653456	3.113648N;101.653456E	coordinates
3.181643	101.692037	3.181643N;101.69203700000003E	coordinates
3.2514	-76.312	3.2514N;76.3120W	coordinates
-3.3244	-57.413000000000004	3.3244S;57.4130W	coordinates
3.45	-76.54	3.45N;76.54W	coordinates
3.8986110000000003	101.497778	3.898611N;101.497778E	coordinates
-30.0328	-51.23	30.0328S;51.23W	coordinates
-30.159000000000002	-51.1348	30.1590S;51.1348W	coordinates
30.17	104.15	30.17N;104.15E	coordinates
30.18	119.25	30.18N;119.25E	coordinates
30.1	120.2	30.1N;120.2E	coordinates
30.22	-92.02	30.22N;92.02W	coordinates
30.256769	120.201838	30.256769N;120.201838E	coordinates
30.256769	120.201999	30.256769N;120.201999E	coordinates
30.2568	120.20200000000001	30.2568N;120.202E	coordinates
30.26	120.19	30.26N;120.19E	coordinates
30.26	120.2	30.26N;120.20E	coordinates
30.276265423522897	120.170520967774	30.27626542352285N;120.17052096777354E	coordinates
-30.37	-64.37	30.37S;64.37W	coordinates
30.38	104.02	30.38N;104.02E	coordinates
30.3	120.2	30.3N;120.2E	coordinates
30.4145	-91.1783	30.4145N;91.1783W	coordinates
30.43	122.29	30.43N;122.29E	coordinates
30.467879999999997	-91.129604	30.46788N;91.129604W	coordinates
30.52	114.31	30.52N;114.31E	coordinates
30.52	114.38	30.52N;114.38E	coordinates
30.53	120.69	30.53N;120.69E	coordinates
30.54	114.36	30.54N;114.36E	coordinates
30.55	114.36	30.55N;114.36E	coordinates
30.6014	-96.3144	30.6014N;96.3144W	coordinates
30.6	-96.31	30.60N;96.31W	coordinates
30.6415507863375	104.060539888855	30.64155078633754N;104.06053988885469E	coordinates
30.67	104.06	30.67N;104.06E	coordinates
30.91	121.17	30.91N;121.17E	coordinates
30.0	-91.0	30N;91W	coordinates
-30.0	-51.0	30S;51W	coordinates
31.05	121.76	31.05N;121.76E	coordinates
31.1	121.28	31.10N;121.28E	coordinates
31.12	121.27	31.12N;121.27E	coordinates
31.18	34.91	31.18N;34.91E	coordinates
31.2	121.4	31.20N;121.40E	coordinates
31.22	121.53	31.22N;121.53E	coordinates
31.25	121.4	31.25N;121.40E	coordinates
31.273504239601998	121.51838114485099	31.273504239602023N;121.51838114485145E	coordinates
31.2735670477485	121.51830317940001	31.273567047748543N;121.51830317940039E	coordinates
31.2736245947946	121.51841333136002	31.273624594794583N;121.51841333135962E	coordinates
31.3248611721598	-83.8417983055115	31.324861172159835N;83.84179830551147W	coordinates
31.378473	77.406945	31.378473N;77.40694499999995E	coordinates
-31.39	-58.02	31.39S;58.02W	coordinates
-31.4061	91.17758	31.4061S;91.17758E	coordinates
31.5035	114.773	31.5035N;114.773E	coordinates
31.52	117.16	31.52N;117.16E	coordinates
31.52	117.17	31.52N;117.17E	coordinates
-31.799721999999996	18.621110999999896	31.799722S;18.621110999999928E	coordinates
31.7	130.8	31.7N;130.8E	coordinates
31.820590999999997	117.22721899999999	31.820591N;117.227219E	coordinates
31.85	117.26	31.85N;117.26E	coordinates
31.952162238024997	-82.96875	31.95216223802497N;82.96875W	coordinates
31.952162238024997	-83.4960857499999	31.95216223802497N;83.4960857499999W	coordinates
32.0	109.4	32.00N;109.40E	coordinates
32.0167	131.35	32.0167N;131.3500E	coordinates
32.04756	34.845209999999994	32.04756N;34.84521E	coordinates
-32.054	150.859	32.054S;150.859E	coordinates
32.0667	34.8	32.0667N;34.8000E	coordinates
32.08	76.31999999999991	32.08N;76.31999999999994E	coordinates
32.08	76.31	32.08N;76.31E	coordinates
32.16	78.04	32.16N;78.03999999999996E	coordinates
32.18	119.42	32.18N;119.42E	coordinates
32.18	78.01	32.18N;78.00999999999999E	coordinates
32.23	77.37	32.23N;77.37E	coordinates
32.2403	-110.9458	32.2403N;110.9458W	coordinates
32.24	77.14	32.24N;77.14E	coordinates
32.29	77.36	32.29N;77.36E	coordinates
32.33	76.5799999999999	32.33N;76.57999999999993E	coordinates
32.3661	-84.9692	32.3661N;84.9692W	coordinates
32.3913	-84.8229	32.3913N;84.8229W	coordinates
-32.57	-60.42	32.57S;60.42W	coordinates
32.5	72.4	32.5N;72.40E	coordinates
-32.726517699999995	-62.1013108	32.7265177S;62.1013108W	coordinates
32.775833	-96.796667	32.775833N;96.79666700000001W	coordinates
32.95	-90.51	32.95N;90.51W	coordinates
33.21	96.62	33.21N;96.62E	coordinates
-33.2263	19.3401	33.2263S;19.3401E	coordinates
33.22	126.33	33.22N;126.33E	coordinates
-33.25	-70.39	33.25S;70.39W	coordinates
33.27	96.38	33.27N;96.38E	coordinates
33.3128	44.3615	33.3128N;44.3615E	coordinates
33.3228142991924	117.96152272496	33.32281429919236N;117.96152272496033E	coordinates
33.38	120.13	33.38N;120.13E	coordinates
33.51	74.53	33.51N;74.52999999999997E	coordinates
33.57786	-101.85517	33.5778600N;101.8551700W	coordinates
-33.7181	150.3106	33.7181S;150.31060000000002E	coordinates
33.749	-84.38799999999999	33.749N;84.38800000000003W	coordinates
33.7911	-84.3233	33.7911N;84.3233W	coordinates
-33.865	151.2094	33.8650S;151.2094E	coordinates
-33.867139	151.207114	33.867139S;151.207114E	coordinates
-33.86	151.21	33.86S;151.21E	coordinates
-33.8704155509418	151.259765625	33.87041555094183S;151.259765625E	coordinates
33.909402	130.84774099999998	33.909402N;130.847741E	coordinates
-33.9521	18.4864	33.9521S;18.486400000000003E	coordinates
34.0	-112.0	34.00N;112W	coordinates
34.04	-6.75	34.04N;6.75W	coordinates
34.05	-118.25	34.0500N;118.2500W	coordinates
34.0561	-118.4297	34.0561N;118.4297W	coordinates
34.05	-118.25	34.05N;118.25W	coordinates
34.061183	-118.20557099999999	34.061183N;118.20557100000002W	coordinates
34.22	114.19	34.22N;114.19E	coordinates
34.22	132.27	34.22N;132.27E	coordinates
34.299366	-79.876714	34.299366N;79.876714W	coordinates
34.32	129.25	34.32N;129.25E	coordinates
34.35	127.21	34.35N;127.21E	coordinates
34.4233	135.1501	34.4233N;135.1501E	coordinates
34.53	127.7	34.53N;127.7E	coordinates
34.59	138.57	34.59N;138.57E	coordinates
-34.6	-58.38	34.60S;58.38W	coordinates
34.702905	137.41016299999998	34.702905N;137.410163E	coordinates
34.73	113.7	34.73N;113.70E	coordinates
34.769	137.8568	34.769N;137.8568E	coordinates
34.81	138.13	34.81N;138.13E	coordinates
34.84	128.39	34.84N;128.39E	coordinates
-34.92577	138.59973200000002	34.92577S;138.599732E	coordinates
34.928515999999995	134.44536200000002	34.928516N;134.445362E	coordinates
-34.0	-64.0	34S;64W	coordinates
35.0	139.33	35.00N;139.33E	coordinates
35.03222	135.45598999999999	35.032220N;135.45599E	coordinates
35.09	125.54	35.09N;125.54E	coordinates
35.0	134.5	35.0N;134.5E	coordinates
35.108262599999996	126.86720490000002	35.1082626N;126.8672049E	coordinates
35.108323999999996	126.86746399999998	35.108324N;126.867464E	coordinates
35.1	126.86	35.10N;126.86E	coordinates
35.1	129.4	35.10N;129.4E	coordinates
35.11	114.12	35.11N;114.12E	coordinates
35.11	126.87	35.11N;126.87E	coordinates
35.14	-90.04	35.14N;90.04W	coordinates
35.16845278	126.88409720000001	35.16845278N;126.88409720000004E	coordinates
35.16845278	126.88409720000001	35.16845278N;126.8840972E	coordinates
35.1710139797621	126.841154391481	35.171013979762094N;126.84115439148058E	coordinates
35.18	129.08	35.18N;129.08000000000004E	coordinates
35.197863	139.82715100000001	35.197863N;139.827151E	coordinates
35.1	21.299999999999898	35.1N;21.299999999999955E	coordinates
35.2078281748805	-120.72202205658002	35.20782817488055N;120.72202205657959W	coordinates
35.2	76.2	35.20N;76.20E	coordinates
35.2	-97.2	35.20N;97.20W	coordinates
35.2112778	128.11730559999998	35.2112778N;128.1173056E	coordinates
35.21	138.43	35.21N;138.43E	coordinates
35.23	-80.84	35.23N;80.84W	coordinates
-35.308	149.1245	35.3080S;149.1245E	coordinates
35.34	25.14	35.34N;25.14E	coordinates
35.367308	139.553326	35.367308N;139.553326E	coordinates
35.37	127.1	35.37N;127.10E	coordinates
35.3	134.2	35.3N;134.2E	coordinates
35.414982	116.587282	35.414982N;116.587282E	coordinates
35.45	115.45	35.45N;115.45E	coordinates
35.46	-78.38	35.46N;78.38W	coordinates
35.51	127.07	35.51N;127.07E	coordinates
35.53	129.31	35.53N;129.30999999999994E	coordinates
35.594707	139.693635	35.594707N;139.693635E	coordinates
35.597638	129.464805	35.597638N;129.464805E	coordinates
35.655196000000004	139.833548	35.655196N;139.833548E	coordinates
35.67	-80.48	35.67N;80.48W	coordinates
35.683299	140.065562	35.683299N;140.065562E	coordinates
35.684195	140.06476999999998	35.684195N;140.064770E	coordinates
35.68448	140.063958	35.68448N;140.063958E	coordinates
35.6892	51.388999999999996	35.6892N;51.3890E	coordinates
35.7200292	139.264557	35.7200292N;139.264557E	coordinates
35.76	102.28	35.76N;102.28E	coordinates
-35.78	147.22	35.78S;147.22E	coordinates
35.805996	140.470123	35.805996N;140.470123E	coordinates
35.86	128.6	35.86N;128.60E	coordinates
35.9544	-83.9295	35.9544N;83.92950000000002W	coordinates
35.0	119.2	35N;119.2E	coordinates
35.0	119.3	35N;119.3E	coordinates
-35.0	147.0	35S;147E	coordinates
36.01	-84.26299999999999	36.010N;84.263W	coordinates
36.03	103.5	36.03N;103.50E	coordinates
36.075287	140.250458	36.075287N;140.250458E	coordinates
36.0764	-94.1608	36.0764N;94.1608W	coordinates
36.08	136.21	36.08N;136.21E	coordinates
36.09	128.05	36.09N;128.05E	coordinates
36.1314	-95.93700000000001	36.1314N;95.93700000000001W	coordinates
36.1314	-95.9372	36.1314N;95.93720000000002W	coordinates
36.1314	-95.9372	36.1314N;95.9372W	coordinates
36.139416	-86.80228000000001	36.139416N;86.802280W	coordinates
36.14	127.31	36.14N;127.31E	coordinates
36.154	-95.9928	36.154N;95.9928W	coordinates
36.165833	-86.78416700000001	36.165833N;86.784167W	coordinates
36.17	-86.77	36.17N;86.77W	coordinates
36.1918020344617	127.70683228969601	36.19180203446173N;127.70683228969574E	coordinates
36.19	36.16	36.19N;36.16E	coordinates
36.21	-121.17	36.21N;121.17W	coordinates
36.317434000000006	127.415375	36.317434N;127.41537500000004E	coordinates
36.31	128.53	36.31N;128.53E	coordinates
36.36	128.54	36.36N;128.54E	coordinates
36.3727701	6.617864999999999	36.3727701N;6.617865E	coordinates
36.47	126.08	36.47N;126.08E	coordinates
36.49	10.9	36.49N;10.9E	coordinates
36.49	-128.88	36.49N;128.88W	coordinates
36.51669837928421	-6.41015768051147	36.516698379284165N;6.410157680511475W	coordinates
36.54	139.91	36.54N;139.91E	coordinates
36.57	-121.62	36.57N;121.62W	coordinates
36.58	-121.6599	36.58N;121.6599W	coordinates
36.636055	127.323334	36.636055N;127.323334E	coordinates
36.63	127.32	36.63N;127.32E	coordinates
36.63	127.46	36.63N;127.46E	coordinates
36.68	-121.67	36.68N;121.67W	coordinates
36.6	-121.6	36.6N;121.6W	coordinates
36.6	-121.8	36.6N;121.8W	coordinates
36.7072	137.0967	36.7072N;137.0967E	coordinates
36.71	4.03999999999996	36.71N;4.039999999999964E	coordinates
36.78	126.14	36.78N;126.14E	coordinates
36.7	-121.3	36.7N;121.3W	coordinates
36.829513	138.217163	36.829513;138.217163	coordinates
36.83	126.98	36.83N;126.98E	coordinates
36.8659096672937	127.55281711922399	36.86590966729366N;127.5528171192243E	coordinates
36.950308	140.956131	36.950308N;140.956131E	coordinates
36.0	138.0	36N;138E	coordinates
37.09	121.0	37.09N;121.00E	coordinates
37.12814	99.72775	37.12814N;99.72775E	coordinates
37.128333000000005	25.443333	37.128333N;25.443333E	coordinates
37.23	-5.59	37.23N;5.59W	coordinates
37.24	131.87	37.24N;131.87E	coordinates
37.265309955618704	126.71630859375	37.26530995561872N;126.71630859375E	coordinates
37.2667	-79.9333	37.2667N;79.9333W	coordinates
37.27	127.01	37.27N;127.0100E	coordinates
37.3489	-108.5859	37.3489N;108.5859W	coordinates
37.34	127.92	37.34N;127.92E	coordinates
37.35	126.27	37.35N;126.27E	coordinates
37.4138	127.5183	37.41379999999999N;127.51829999999995E	coordinates
37.41	127.25721999999999	37.41N;127.25722E	coordinates
37.4682	126.943	37.4682N;126.943E	coordinates
37.46	118.49	37.46N;118.49E	coordinates
-37.4713	144.7852	37.4713S;144.7852E	coordinates
37.4882	127.0856	37.4882N;127.0856E	coordinates
37.498095	127.0761	37.498095N;127.07610E	coordinates
37.4	126.67	37.4N;126.67E	coordinates
37.52	121.39	37.52N;121.39E	coordinates
37.53	126.96	37.53N;126.96E	coordinates
37.53	-75.4	37.53N;75.4W	coordinates
37.5402217766123	127.001953125	37.54022177661231N;127.001953125E	coordinates
37.54	127.0	37.54N;127E	coordinates
37.562304	126.940909	37.562304N;126.940909E	coordinates
37.56	126.58	37.56N;126.58E	coordinates
37.57	126.98	37.57N;126.98E	coordinates
37.57	128.98	37.57N;128.98000000000002E	coordinates
37.59	126.5	37.59N;126.5E	coordinates
37.62	-120.76	37.62N;120.76W	coordinates
37.6463	127.0288	37.6463N;127.0288E	coordinates
37.65	126.96	37.65N;126.96E	coordinates
37.6	127.0	37.6N;127.0E	coordinates
37.755651	-122.404572	37.755651N;122.404572W	coordinates
37.763000000000005	-122.458	37.763N;122.458W	coordinates
37.774	-122.419	37.774N;122.419W	coordinates
37.77	-122.42	37.77N;122.42W	coordinates
-37.77	175.31	37.77S;175.30999999999995E	coordinates
-37.814251	144.963169	37.814251S;144.963169E	coordinates
-37.81	144.96	37.81S;144.96E	coordinates
37.8407	127.0151	37.8407N;127.0151E	coordinates
-37.8457	144.9821	37.8457S;144.9821E	coordinates
37.85	27.81	37.85N;27.81E	coordinates
37.87	127.7434	37.8700N;127.7434E	coordinates
37.871853	-122.258423	37.871853N;122.258423W	coordinates
37.896	-122.25	37.896N;122.250W	coordinates
37.89	127.73	37.89N;127.73000000000002E	coordinates
-37.8	144.96	37.8S;144.96E	coordinates
37.92	139.04	37.92N;139.04E	coordinates
37.93	-122.34	37.93N;122.34W	coordinates
37.97	23.73	37.97N;23.73E	coordinates
37.0	126.5	37N;126.5E	coordinates
38.14	-78.45	38.14N;78.45W	coordinates
38.1529890313082	-105.63867330551099	38.152989031308195N;105.63867330551147W	coordinates
38.1635	141.5216	38.1635N;141.5216E	coordinates
38.19	15.55	38.19N;15.55E	coordinates
38.43	116.09	38.43N;116.09E	coordinates
38.4	-8.8	38.4N;8.8W	coordinates
38.52	115.31	38.52N;115.31E	coordinates
38.55	-121.74	38.55N;121.74W	coordinates
38.55	-121.76	38.55N;121.76W	coordinates
38.563764	23.604232	38.563764N;23.604232E	coordinates
38.5	106.5	38.5N;106.5E	coordinates
38.6	-75.3	38.60N;75.30W	coordinates
38.621367	-123.133117	38.621367N;123.133117W	coordinates
38.626999999999995	-90.1994	38.6270N;90.1994W	coordinates
-38.6	178.0	38.6S;178E	coordinates
38.750707	-9.200853	38.750707N;9.200853W	coordinates
38.764675	-9.164776	38.764675N;9.164776W	coordinates
38.7647	-9.1648	38.7647N;9.1648W	coordinates
38.765337	-9.164366000000001	38.765337N;9.164366W	coordinates
38.895	-77.03666700000001	38.895N;77.036667W	coordinates
38.906189000000005	-77.01726529999999	38.906189N;77.0172653W	coordinates
38.9	-77.03	38.90N;77.03W	coordinates
38.975	-77.03	38.975N;77.030W	coordinates
38.976556	-77.02875	38.976556N;77.02875W	coordinates
38.984652000000004	-77.094709	38.984652N;77.09470899999997W	coordinates
38.984652000000004	-77.094709	38.984652N;77.094709W	coordinates
38.9847	-77.0947	38.9847N;77.0947W	coordinates
38.98	-77.11	38.98N;77.11W	coordinates
39.004166999999995	-77.018889	39.004167N;77.018889W	coordinates
39.0458	-76.6413	39.0458N;76.6413W	coordinates
39.04	-76.92	39.04N;76.92W	coordinates
39.0742	21.8243	39.0742N;21.8243E	coordinates
39.1	117.1	39.10N;117.10E	coordinates
39.14	-76.77	39.14N;76.77W	coordinates
39.2832938689385	-76.6131471796874	39.28329386893847N;76.61314717968742W	coordinates
39.35	-120.32	39.35N;120.32W	coordinates
39.36	22.27	39.36N;22.27E	coordinates
39.375	-123.79700000000001	39.375N;123.797W	coordinates
39.41	-0.16	39.41N;0.16W	coordinates
39.46	-6.37	39.46N;6.37W	coordinates
39.524	116.719	39.524N;116.719E	coordinates
39.54	116.23	39.54N;116.23E	coordinates
39.55	119.38	39.55N;119.38E	coordinates
39.565	3.3339999999999996	39.565N;3.334E	coordinates
39.56	116.2	39.56N;116.20000000000005E	coordinates
39.56	116.2	39.56N;116.20E	coordinates
-39.6333	-73.1167	39.6333S;73.1167W	coordinates
39.63	22.41	39.63N;22.41E	coordinates
39.674495	20.840141	39.674495N;20.840141E	coordinates
39.68	-75.76	39.68N;75.76W	coordinates
39.73	-104.99	39.73N;104.99W	coordinates
39.743	-104.84200000000001	39.743N;104.84199999999998W	coordinates
39.74	-104.83	39.74N;104.83W	coordinates
39.789	20.781	39.789N;20.781E	coordinates
39.9034814381334	116.394910812378	39.903481438133426N;116.39491081237793E	coordinates
39.909933	18.145951999999998	39.909933N;18.145952E	coordinates
39.9	116.41	39.90N;116.41E	coordinates
39.92	116.46	39.92N;116.46E	coordinates
39.93	116.35	39.93N;116.35E	coordinates
39.95	-75.1667	39.9500N;75.1667W	coordinates
39.9526	-75.1652	39.9526N;75.1652W	coordinates
39.95	116.3	39.95N;116.30E	coordinates
39.95	-75.16	39.95N;75.16W	coordinates
39.960575	-83.007154	39.960575N;83.007154W	coordinates
39.970433	177.32685	39.970433N;177.32685E	coordinates
39.995684999999995	18.069348	39.995685N;18.069348E	coordinates
39.9	116.3	39.9N;116.3E	coordinates
4.21335	100.64709	4.21335N;100.64708999999993E	coordinates
-4.4833300000000005	-44.45	4.48333S;44.45W	coordinates
4.610192432595	-74.30904239416121	4.610192432595004N;74.30904239416122W	coordinates
4.71	-74.07	4.71N;74.07W	coordinates
4.7754	100.8403	4.7754N;100.8403E	coordinates
4.88983574299073	-74.1412353515625	4.8898357429907255N;74.1412353515625W	coordinates
40.011389	18.048056	40.011389N;18.048056E	coordinates
40.0142	-83.0309	40.0142N;83.0309W	coordinates
40.08	-75.19	40.08N;75.19W	coordinates
40.12	-82.0	40.12N;82W	coordinates
40.189131200000006	-109.3126257	40.1891312N;109.3126257W	coordinates
40.18	-72.25	40.18N;72.25W	coordinates
40.190523999999996	141.775583	40.190524N;141.775583E	coordinates
40.34	-105.08	40.34N;105.08W	coordinates
40.382709000000006	9.012008	40.382709N;9.012008E	coordinates
40.423	-98.7372	40.4230N;98.7372W	coordinates
40.4406	-79.9959	40.4406N;79.9959W	coordinates
40.44	-79.97	40.44N;79.97W	coordinates
40.44	-80.0	40.44N;80.00W	coordinates
40.4805497424071	-3.6868532001972203	40.480549742407064N;3.68685320019722W	coordinates
40.48	-3.68	40.48N;3.68W	coordinates
40.48	-3.69	40.48N;3.69W	coordinates
40.64	22.9433	40.6400N;22.9433E	coordinates
40.6405	-8.6538	40.6405N;8.6538W	coordinates
40.67	-73.94	40.6700N;73.9400W	coordinates
40.6	140.4	40.6N;140.4E	coordinates
40.7127	-74.0059	40.7127N;74.0059W	coordinates
40.71	-74.01	40.71N;74.01W	coordinates
40.739469	-8.092353	40.739469N;8.092353W	coordinates
40.7793	-81.925	40.7793N;81.9250W	coordinates
40.78999	-73.953689	40.789990N;73.953689W	coordinates
40.79	-77.86	40.79N;77.86W	coordinates
40.8242	-77.8546	40.8242N;77.8546W	coordinates
40.0	-74.5	40N;74.5W	coordinates
41.0	-81.0	41.00N;81.00W	coordinates
41.0748	-73.7751	41.0748N;73.77510000000001W	coordinates
41.1	142.12	41.10N;142.12E	coordinates
41.129021347495105	-74.190673828125	41.1290213474951N;74.190673828125W	coordinates
41.2033	-77.1945	41.2033N;77.1945W	coordinates
41.2524	-95.99799999999999	41.2524N;95.9980W	coordinates
41.25	-72.99	41.25N;72.99W	coordinates
41.39	2.23	41.39N;2.23E	coordinates
41.41	2.17	41.41N;2.17E	coordinates
-41.4205895730314	-72.91488538995291	41.420589573031414S;72.91488538995293W	coordinates
41.428083	2.1422779999999997	41.428083N;2.142278E	coordinates
41.4822	-81.6697	41.4822N;81.66970000000003W	coordinates
-41.48	-72.4	41.48S;72.40W	coordinates
41.5047	-81.61014899999999	41.5047N;81.61014899999998W	coordinates
41.526	-70.673	41.526N;70.673W	coordinates
41.54	12.3	41.54N;12.30E	coordinates
41.57585	-70.63580999999999	41.57585N;70.63581W	coordinates
41.7151	44.8271	41.7151N;44.82709999999997E	coordinates
41.82	-122.0	41.82N;122.00W	coordinates
41.87806	-87.62971999999999	41.87806N;87.62972W	coordinates
41.8945	-87.6208	41.8945N;87.6208W	coordinates
41.8	123.38	41.8N;123.38E	coordinates
41.9	12.5	41.9N;12.5E	coordinates
42.01	46.65	42.01N;46.65E	coordinates
42.28	-83.72	42.28N;83.72W	coordinates
42.33	-83.88	42.33N;83.88W	coordinates
42.33	98.51	42.33N;98.51E	coordinates
42.3520376667851	-71.0628278553486	42.35203766678512N;71.06282785534859W	coordinates
42.36	-71.05	42.36N;71.05W	coordinates
42.36	-71.06	42.36N;71.06W	coordinates
42.36	-71.08	42.36N;71.08W	coordinates
42.3736	-71.1097	42.3736N;71.1097W	coordinates
42.3833	-5.9833	42.3833N;5.9833W	coordinates
42.5099048477042	-70.9335923194885	42.509904847704156N;70.93359231948853W	coordinates
-42.52	147.19	42.52S;147.19E	coordinates
42.8115217450979	-8.96482575000005	42.81152174509788N;8.964825750000045W	coordinates
-42.882743	147.33023400000002	42.882743S;147.330234E	coordinates
42.98	141.24	42.98N;141.24E	coordinates
43.0	124.0	43.00N;124.00E	coordinates
43.12	86.81	43.12N;86.81E	coordinates
43.1843	3.0031	43.1843N;3.0031E	coordinates
43.18	5.23	43.18N;5.23E	coordinates
43.27	-3.48	43.27N;3.48W	coordinates
43.2964	5.37	43.2964N;5.37E	coordinates
43.338	-89.3804	43.338N;89.38040000000001W	coordinates
43.343999999999994	-8.388	43.344N;8.388W	coordinates
43.34	-8.39	43.34N;8.39W	coordinates
43.356984000000004	-5.86793	43.356984N;5.867930W	coordinates
43.38	0.27	43.38N;0.27E	coordinates
43.3	5.4	43.3N;5.4E	coordinates
43.472247579722904	-3.81993588080002	43.4722475797229N;3.819935880800017W	coordinates
-43.5321	172.6362	43.5321S;172.6362E	coordinates
43.56	-0.45	43.56N;0.45W	coordinates
43.6	13.27	43.60N;13.269999999999982E	coordinates
43.64	-79.45	43.64N;79.45W	coordinates
43.6532	-79.3832	43.6532N;79.3832W	coordinates
43.65	-79.38	43.65N;79.38W	coordinates
43.721883	10.396579	43.721883N;10.396578999999974E	coordinates
43.72	10.4	43.72N;10.40E	coordinates
43.7679211763425	-84.8085951805115	43.76792117634247N;84.80859518051147W	coordinates
43.8041	-120.5542	43.8041N;120.5542W	coordinates
43.0	125.0	43N;125E	coordinates
44.094443	-84.233529	44.094443N;84.233529W	coordinates
44.376262	-110.69038300000001	44.376262N;110.690383W	coordinates
44.43	5.13	44.43N;5.13E	coordinates
44.4475	1.442	44.4475N;1.4420E	coordinates
44.4758	-73.2119	44.4758N;73.2119W	coordinates
44.5667	-123.2833	44.5667N;123.2833W	coordinates
44.57	-100.87	44.57N;100.87W	coordinates
44.58	-93.5	44.58N;93.5W	coordinates
44.6	-123.9	44.6N;123.9W	coordinates
44.8	10.3333	44.8000N;10.3333E	coordinates
44.86123	-121.201439	44.86123N;121.201439W	coordinates
44.9778	-93.265	44.9778N;93.2650W	coordinates
44.99	-93.17	44.99N;93.17000000000002W	coordinates
44.99	-93.17	44.99N;93.17W	coordinates
45.2686	-93.0808	45.2686N;93.0808W	coordinates
45.26	28.0	45.26N;28.0E	coordinates
45.4217	-123.9342	45.421700N;123.934200W	coordinates
45.42	-123.93	45.42N;123.93W	coordinates
45.44	-0.46	45.44N;0.46W	coordinates
45.46	9.190000000000062	45.46N;9.190000000000055E	coordinates
45.51	-73.61	45.51N;73.61000000000001W	coordinates
45.5646	5.9178	45.5646N;5.9178E	coordinates
45.748333	4.846667	45.748333N;4.846667E	coordinates
45.852157	9.415109	45.852157N;9.415109E	coordinates
-45.8647	170.5144	45.8647S;170.5144E	coordinates
45.888783000000004	4.605968	45.888783N;4.605968E	coordinates
46.0646	-118.34299999999999	46.0646N;118.3430W	coordinates
46.0727	18.2323	46.0727N;18.2323E	coordinates
46.193425879624904	6.14797040820122	46.19342587962495N;6.147970408201218E	coordinates
46.1934	6.14797	46.1934N;6.14797E	coordinates
46.1936	6.1489	46.1936N;6.1489E	coordinates
46.3186071068286	-100.183596611023	46.31860710682863N;100.18359661102295W	coordinates
46.31	-84.38	46.31N;84.38W	coordinates
46.39	-1.26	46.39N;1.26W	coordinates
46.52	6.58	46.52N;6.58E	coordinates
46.542	24.557	46.542N;24.557E	coordinates
46.550391	8.711068	46.550391N;8.711068E	coordinates
46.55086	8.71246	46.55086N;8.71246E	coordinates
46.55151	6.688673	46.551510N;6.688673E	coordinates
46.63	14.31	46.63N;14.31E	coordinates
46.6532	-79.3832	46.6532N;79.3832W	coordinates
46.6	-112.0	46.6N;112.0W	coordinates
46.7296	-94.6859	46.7296N;94.6859W	coordinates
46.736000000000004	-116.6764	46.7360N;116.6764W	coordinates
46.766999999999996	23.6	46.767N;23.600E	coordinates
46.919117	18.220878	46.919117N;18.22087799999997E	coordinates
46.94917	7.44722	46.94917N;7.44722E	coordinates
46.95	7.47	46.95N;7.47E	coordinates
46.0	-94.0	46N;94W	coordinates
47.0	-110.0	47.00N;110.00W	coordinates
47.0335	17.5364	47.0335N;17.5364E	coordinates
47.0812	18.03	47.0812N;18.030E	coordinates
47.15	6.9917	47.15N;6.9917E	coordinates
47.17	-0.29	47.17N;0.29W	coordinates
47.2	9.69	47.20N;9.69E	coordinates
47.22	8.33	47.22N;8.33E	coordinates
47.3713	0.6833	47.3713N;0.6833E	coordinates
47.3941	0.6848	47.3941N;0.6848E	coordinates
47.4	1.24	47.40N;1.24E	coordinates
47.44	9.92	47.44N;9.92E	coordinates
47.46	16.47	47.46N;16.470000000000027E	coordinates
47.49	-1.48	47.49N;1.48W	coordinates
47.4	8.6	47.4N;8.6E	coordinates
47.53	-2.54	47.53N;2.54W	coordinates
47.5596	7.58860000000004	47.5596N;7.588600000000042E	coordinates
47.5	7.6	47.5N;7.6E	coordinates
47.6007	-117.3283	47.6007N;117.3283W	coordinates
47.6097	-122.3331	47.6097N;122.3331W	coordinates
47.658778999999996	-117.426048	47.658779N;117.426048W	coordinates
47.682726	9.173527	47.682726N;9.173527E	coordinates
47.8	-54.0	47.8N;54W	coordinates
48.0	7.85	48.00N;7.85E	coordinates
48.12	16.22	48.12N;16.22E	coordinates
48.13	-1.31	48.13N;1.31W	coordinates
48.15	-3.55	48.15N;3.55W	coordinates
48.1675	17.0878	48.1675N;17.0878E	coordinates
48.2438	14.4431	48.2438N;14.4431E	coordinates
48.304957	14.294189000000001	48.304957N;14.294189E	coordinates
48.3	-3.18	48.30N;3.18W	coordinates
48.3	-3.19	48.30N;3.19W	coordinates
48.31	9.03	48.31N;9.03E	coordinates
48.3421	-0.591199999999958	48.3421N;0.591199999999958W	coordinates
48.34	7.45	48.34N;7.45E	coordinates
48.35	7.44	48.35N;7.44E	coordinates
48.4448	6.1632	48.4448N;6.1632E	coordinates
48.6103	2.4748	48.6103N;2.4748E	coordinates
48.78	2.47	48.78N;2.47E	coordinates
48.817	2.5156	48.8170N;2.5156E	coordinates
48.8566	2.35220000000004	48.8566N;2.352200000000039E	coordinates
48.8	11.5	48.8N;11.5E	coordinates
48.9045	2.3048	48.9045N;2.3048E	coordinates
48.975658	14.4802549999999	48.975658N;14.480254999999943E	coordinates
48.975658	14.480255	48.975658N;14.480255E	coordinates
49.18	-0.36	49.18N;0.36W	coordinates
49.193234999999994	16.60001	49.193235N;16.600009999999997E	coordinates
49.227222999999995	-102.169534	49.227223N;102.169534W	coordinates
49.2327	6.9961	49.2327N;6.9961E	coordinates
49.24	-123.12	49.24N;123.12W	coordinates
49.260404	13.910309	49.260404N;13.910308999999984E	coordinates
49.26	-123.12	49.26N;123.12W	coordinates
49.28	-123.12	49.28N;123.12W	coordinates
49.6	11.01	49.60N;11.01E	coordinates
49.689946	14.010415	49.689946N;14.010415E	coordinates
49.8994	-97.1392	49.8994N;97.1392W	coordinates
5.311737	103.119912	5.311737N;103.119912E	coordinates
5.31595	103.149209	5.31595N;103.14920899999993E	coordinates
5.323023	100.303392	5.323023N;100.303392E	coordinates
-5.474	-35.124	5.4740S;35.1240W	coordinates
-5.77926	-35.2009	5.77926S;35.2009W	coordinates
5.866667	-55.166667000000004	5.866667N;55.166667W	coordinates
5.86667	-55.1667	5.86667N;55.1667W	coordinates
5.933333	-56.983332999999995	5.933333N;56.983333W	coordinates
50.07	14.34	50.07N;14.34E	coordinates
50.4452	-104.6189	50.4452N;104.6189W	coordinates
50.452258	-104.605694	50.452258N;104.605694W	coordinates
50.4568	2.617	50.4568N;2.6170E	coordinates
50.587140000000005	8.69093	50.58714N;8.69093E	coordinates
50.85	4.35	50.8500N;4.3500E	coordinates
50.925	13.333329999999998	50.92500N;13.33333E	coordinates
50.9296848	11.5791795	50.9296848N;11.57917950000001E	coordinates
50.9943	3.2667	50.9943N;3.2667E	coordinates
51.019802149473	-114.05508041381799	51.01980214947295N;114.05508041381836W	coordinates
51.0599	13.7431	51.0599N;13.7431E	coordinates
51.0948	10.2652	51.0948N;10.2652E	coordinates
51.1657	10.4515	51.1657N;10.45150000000001E	coordinates
51.287861	0.438313	51.287861N;0.438313E	coordinates
51.351000000000006	4.3444	51.3510N;4.3444E	coordinates
51.42	-0.17	51.42N;0.17W	coordinates
51.4309	-0.0936	51.4309N;0.0936W	coordinates
51.455718	-2.588654	51.455718N;2.588654W	coordinates
51.48	-0.22	51.48N;0.22W	coordinates
51.48	-3.18	51.48N;3.18W	coordinates
51.51	-0.13	51.51N;0.13W	coordinates
51.5391901686518	9.911562499999938	51.539190168651764N;9.911562499999945E	coordinates
51.5392	9.9116	51.5392N;9.9116E	coordinates
51.55	4.3	51.55N;4.30E	coordinates
51.5719	4.7683	51.5719N;4.7683E	coordinates
51.57	7.37	51.57N;7.37E	coordinates
51.5	-0.126	51.5N;0.126W	coordinates
51.64	-0.4	51.64N;0.40W	coordinates
51.7	10.86	51.70N;10.86E	coordinates
51.7519	-1.2578	51.7519N;1.2578W	coordinates
51.76	55.08	51.76N;55.08E	coordinates
51.9633	7.6114	51.9633N;7.6114E	coordinates
51.9636	7.6132	51.9636N;7.6132E	coordinates
52.043941	5.616682	52.043941N;5.616682E	coordinates
52.05	-106.39	52.05N;106.39W	coordinates
52.0833	5.1167	52.0833N;5.1167E	coordinates
52.08603	5.17959	52.08603N;5.17959E	coordinates
52.115833	12.079444	52.115833N;12.079444E	coordinates
52.13	5.21	52.13N;5.210E	coordinates
52.160114	4.4970099999999995	52.160114N;4.497010E	coordinates
52.202	0.131	52.202N;0.131E	coordinates
52.205	0.11900000000000001	52.205N;0.119E	coordinates
52.2321335	-8.67012469999997	52.2321335N;8.670124699999974W	coordinates
52.2405	-0.9027	52.2405N;0.9027W	coordinates
52.3328	4.86534	52.3328N;4.86534E	coordinates
52.3702	4.8952	52.3702N;4.8952E	coordinates
52.37202	1.13171	52.37202N;1.1317099999999982E	coordinates
52.4	9.7	52.4N;9.7E	coordinates
52.51	-6.539999999999959	52.51N;6.539999999999964W	coordinates
52.637993	-1.6407470000000002	52.637993N;1.640747W	coordinates
52.9	-1.1	52.9N;1.1W	coordinates
53.13	6.33	53.13N;6.33E	coordinates
53.17	-0.379999999999995	53.17N;0.37999999999999545W	coordinates
53.2223044	6.5737687000000005	53.2223044N;6.5737687E	coordinates
53.340268	-6.2947699999999704	53.340268N;6.294769999999971W	coordinates
53.3904	-6.2235	53.3904N;6.2235W	coordinates
53.41	-2.96	53.41N;2.96W	coordinates
53.460390000000004	9.96853	53.46039N;9.96853E	coordinates
53.5333	-113.5	53.5333N;113.5000W	coordinates
53.631611	-113.323975	53.631611N;113.323975W	coordinates
53.68	-9.44	53.68N;9.44W	coordinates
53.722221999999995	7.722222	53.722222N;7.722222E	coordinates
53.9333	-116.5765	53.9333N;116.5765W	coordinates
54.00135	179.58148300000002	54.00135N;179.581483E	coordinates
54.09	7.936	54.090N;7.936E	coordinates
54.10114	13.3885	54.10114N;13.3885E	coordinates
54.188	7.898	54.188N;7.898E	coordinates
54.4313	160.1334	54.4313N;160.1334E	coordinates
54.5519	36.2851	54.5519N;36.2851E	coordinates
54.5972686	-5.930108799999999	54.5972686N;5.9301088W	coordinates
54.5973	-5.93010000000004	54.5973N;5.930100000000039W	coordinates
54.5	159.97	54.5N;159.97E	coordinates
54.9885	73.3242	54.9885N;73.3242E	coordinates
55.38	12.27	55.38N;12.27E	coordinates
55.3958	10.3886	55.3958N;10.3886E	coordinates
55.45	37.35	55.45N;37.35E	coordinates
55.6488518536147	12.4710313975811	55.64885185361473N;12.4710313975811E	coordinates
55.65	12.47	55.65N;12.47E	coordinates
55.66	12.58	55.66N;12.58E	coordinates
55.676111	12.568333	55.676111N;12.568333E	coordinates
55.75	37.62	55.75N;37.62E	coordinates
55.773286	37.636103000000006	55.773286;37.636103	coordinates
56.1	14.52	56.1N;14.52E	coordinates
56.4907	-4.2026	56.4907N;4.2026W	coordinates
56.501000000000005	84.9925	56.5010N;84.9925E	coordinates
56.5	53.8	56.5N;53.8E	coordinates
56.6	53.0	56.6N;53.0E	coordinates
57.1	54.0	57.1N;54.0E	coordinates
57.26	8.732999999999999	57.260N;8.733E	coordinates
57.46	12.18	57.46N;12.18E	coordinates
57.5	53.1	57.5N;53.1E	coordinates
57.6823	11.9613	57.6823N;11.9613E	coordinates
57.0	60.0	57N;60E	coordinates
58.14	38.12	58.14N;38.12E	coordinates
58.233000000000004	36.2	58.233N;36.2E	coordinates
58.49	-134.53	58.49N;134.53W	coordinates
59.12	17.49	59.12N;17.49E	coordinates
59.332	18.064	59.332N;18.064E	coordinates
59.93	10.74	59.93N;10.74E	coordinates
59.94	30.37	59.94N;30.37E	coordinates
59.0	11.0	59N;11E	coordinates
6.30004	87.00001999999999	6.30004N;87.00002E	coordinates
6.379448	2.451324	6.379448N;2.451324E	coordinates
60.34	24.4	60.34N;24.40E	coordinates
60.0	38.0	60N;38E	coordinates
-62.22	-58.78	62.22S;58.78W	coordinates
-62.2377	-58.7285	62.2377S;58.7285W	coordinates
63.4305	10.3951	63.4305N;10.3951E	coordinates
-66.2	8.5	66.2S;8.5E	coordinates
69.6492	18.9553	69.6492N;18.9553E	coordinates
7.00178	2.61274000000003	7.00178N;2.6127400000000307E	coordinates
-7.1195	-34.845	7.1195S;34.845W	coordinates
7.528	81.357	7.528N;81.357E	coordinates
7.9552	-11.741	7.9552N;11.740999999999985W	coordinates
71.29665	-5.7731330000000005	71.29665N;5.773133W	coordinates
-71.3333	13.5	71.3333S;13.5E	coordinates
71.3	-157.0	71.3N;157W	coordinates
-72.41	165.59	72.41S;165.59000000000003E	coordinates
-72.69	165.99	72.69S;165.99E	coordinates
74.38	31.57	74.38N;31.57E	coordinates
74.0	-155.0	74N;155W	coordinates
-77.52	160.76	77.52S;160.76E	coordinates
-8.04	-34.94	8.04S;34.94W	coordinates
-8.0543	-34.8813	8.0543S;34.8813W	coordinates
-8.35932	-35.7639	8.35932S;35.7639W	coordinates
8.37	-154.4	8.37N;154.4W	coordinates
9.393008300000002	-0.8234811	9.3930083N;0.8234811W	coordinates
9.0	-154.0	9N;154W	coordinates
33.7680065	66.2385139	Afghanistan	name
-79.4063075	0.31493119999999997	Antarctica	name
-62.2304228	-59.0729076	Antarctica,King George Island	name
-34.9964963	-64.9672817	Argentina	name
-34.607561600000004	-58.437076	Argentina,Buenos Aires	name
-28.468896299999997	-65.7790753	Argentina,Catamarca	name
-27.048569800000003	-65.3933948	Argentina,Famailla,Tucuman	name
-37.6031124	-62.4023807	Argentina,Pigue	name
-32.9443578	-60.6420191	Argentina,Rosario,Santa Fe	name
-0.2899353	-117.22812820000001	Atlantic Ocean	name
47.472328999999995	-51.805928	Atlantic Ocean,near Newfoundland	name
-24.7761086	134.755	Australia	name
-34.928180499999996	138.5999312	Australia,Adelaide	name
-33.2389275	115.85676200000002	Australia,Bernier Island,Western Australia	name
-27.468968199999996	153.02349909999998	Australia,Brisbane	name
-27.4020848	153.1553756	Australia,Brisbase	name
-16.35	145.9	Australia,Central Great Barrier Reef	name
-35.313764500000005	149.1364286	Australia,Deepwater,New South Wales	name
-37.814217600000006	144.9631608	Australia,Melbourne	name
-35.36217	149.08358940000002	Australia,Pearce	name
-26.8580257	152.9569066	Australia,Queensland,Beerwah	name
-31.1142345	152.92468359999998	Australia,Sealake	name
-30.534366499999997	135.6301212	Australia,south australia	name
-37.7945864	144.94928380000002	Australia,The Royal Children's Hospital,Melbourne	name
-36.5986096	144.6780052	Australia,Victoria	name
47.2000338	13.199959	Austria	name
47.223193	11.5261028	Austria,Tyrol	name
24.7736546	-78.0000547	Bahamas	name
24.4768783	90.2932426	Bangladesh	name
23.7593572	90.3788136	Bangladesh,Dhaka	name
24.250726500000003	89.9149441	Bangladesh,Tangail	name
13.1500331	-59.52503050000001	Barbados	name
53.4250605	27.6971358	Belarus	name
50.6402809	4.666714499999999	Belgium	name
50.9286129	4.3263517	Belgium,Botanic Garden Meise	name
50.4756986	5.5748498	Belgium,Comblain-au-Pont	name
-20.0390682	-63.5203507	Bolivia,Camiri	name
-10.333333300000001	-53.2	Brazil	name
-1.45056	-48.4682453	Brazil,Belem city	name
-22.0	-49.0	Brazil,City of Sao Paulo,State of Sao Paulo	name
-27.6033738	-48.5224634	Brazil,Florianopolis,UFSC	name
-23.3112878	-51.1595023	Brazil,Londrina	name
-18.526484399999998	-44.158865399999996	Brazil,Minas Gerais	name
-21.5565914	-45.434067399999996	Brazil,Minas Gerais State,Varginha	name
-24.4842187	-51.8148872	Brazil,Parana	name
-31.769973600000004	-52.341016100000004	Brazil,Pelotas	name
-21.178333	-47.806667100000006	Brazil,Ribeirao Preto	name
-22.2752762	-42.419415	Brazil,Rio De Janeiro	name
-22.2752762	-42.419415	Brazil,Rio de Janeiro	name
-29.8425284	-53.76805770000001	Brazil,Rio Grande do Sul	name
-10.943145	-62.8277863	Brazil,Rondonia	name
-27.0628367	-51.114965000000005	Brazil,Santa Catarina	name
-21.954980600000003	-49.0232348	Brazil,Sao Paulo	name
-23.5506507	-46.633382399999995	Brazil,Sao Paulo -SP	name
-20.949077	-48.479083	Brazil,Sao Paulo State,Bebedouro	name
-20.733	-48.599888899999996	Brazil,Sao Paulo State,Colina	name
-22.725279999999998	-47.64917	Brazil,Sao Paulo,Piracicaba	name
-23.5506507	-46.633382399999995	Brazil,Sao Paulo,SP	name
-3.0815121	-59.995137899999996	Brazil,Sertanopolis	name
-5.0917133	-42.789934499999994	Brazil,Teresina,PI	name
-10.8855129	-48.3716912	Brazil,Tocantins State	name
12.075308300000001	-1.6880313999999998	Burkina Faso	name
-3.3634357	29.8870575	Burundi	name
13.5066394	104.869423	Cambodia	name
4.6125522000000005	13.153581099999998	Cameroon	name
61.0666922	-107.9917071	Canada	name
55.001251	-115.00213600000001	Canada,Alberta	name
43.232774600000006	-79.97597359999999	Canada,Ancaster,Ontario	name
55.001251	-125.00244099999999	Canada,BC	name
55.001251	-125.00244099999999	Canada,British Columbia	name
47.811921500000004	-53.96726329999999	Canada,Come by Chance,Newfoundland	name
53.535410999999996	-113.50799599999999	Canada,Edmonton	name
43.75011	-79.78293000000001	Canada,Greater Toronto area/Peel	name
52.000170000000004	-71.99906999999999	Canada,Lake Prime-Huron,Quebec	name
45.605588899999994	-73.73449699999999	Canada,Laval	name
43.01377279999999	-81.3055349	Canada,London,Ontario	name
45.084669299999995	-73.1493677	Canada,Monteregie,Quebec	name
46.500283	-66.75018299999999	Canada,New Brunswick	name
49.1212094	-56.696296200000006	Canada,Newfoundland	name
50.000678	-86.000977	Canada,Ontario	name
43.546557	-80.249977	Canada,Ontario,Guelph	name
45.421106	-75.690308	Canada,Ontario,Ottawa	name
52.4760892	-71.8258668	Canada,Quebec	name
45.627484	-72.940636	Canada,Quebec,Saint-Hyacinthe	name
45.2555625	-74.13161529999999	Canada,Salaberry-de-Valleyfield	name
55.5321257	-106.1412243	Canada,Saskatchewan	name
52.131802	-106.66076699999999	Canada,Saskatoon	name
47.5713111	-52.699993500000005	Canada,St John's,Newfoundland	name
49.2608724	-123.11395290000002	Canada,Vancouver	name
-31.7613365	-71.3187697	Chile	name
-41.75	-73.0	Chile,Lilihuapi Island,Comau fjord,X Region	name
-41.4718121	-72.939621	Chile,Puerto Montt	name
34.4118455	86.0326902	China	name
32.0	117.0	China,Anhui Province	name
38.8579735	115.490696	China,Baoding	name
39.9059631	116.391248	China,Beijing	name
30.4960087	114.15828590000002	China,Caidian District,Wuhan,Hubei	name
38.3042796	116.85115970000001	China,Cangzhou	name
41.4191424	128.1952668	China,Changbai Mountain	name
44.00782	87.30461	China,Changji city,Xinjiang Uygur Autonomous Region	name
28.1979483	112.97133000000001	China,Changsha	name
30.6765553	104.0612783	China,Chengdu	name
30.650611600000005	104.08083559999999	China,Chengdu city,Sichuan Province	name
30.642769	104.0675118	China,Chengdu,Sichuan	name
27.66667	111.75	China,Chenzou city,Hunan province	name
29.5585712	106.5492822	China,Chongqing	name
29.5585712	106.5492822	China,ChongQing	name
36.33333	118.25	China,crude oil-polluted saline soil in Shengli Oilfield,Shandong province	name
38.920716	121.63886780000001	China,Dalian	name
30.4757244	91.0993963	China,Damxung	name
46.5969028	125.1014811	China,Daqing	name
31.66667	88.0	China,Dengpa District,Tibet Autonomous Region	name
30.58333	114.26666999999999	China,Dong xihu,Wuhan	name
39.99064	116.28868	China,Dongma Square,Haidian District,Beijing	name
26.5450001	117.84277800000001	China,Fujian	name
26.5450001	117.84277800000001	China,Fujian province	name
26.0797124	119.30338370000001	China,Fuzhou	name
38.0000001	101.9999999	China,Gansu	name
23.135769399999997	113.19826880000001	China,Guangdong	name
24.0	109.0	China,Guangxi	name
23.1301964	113.25929450000001	China,Guangzhou	name
23.1171311	113.32144840000002	China,Guangzhou,Guangdong	name
23.322129999999998	116.34295	China,Guiyu	name
33.606970000000004	103.23396	China,Hailuo Glacier virgin forest,Sichuan basin	name
16.039765300000003	111.7808986	China,Hainan Province	name
30.248963399999997	120.20523419999999	China,Hangzhou	name
30.2665272	120.1180432	China,Hangzhou,Zhejiang	name
45.7656666	126.6160584	China,Harbin	name
39.0000001	116.0	China,Hebei	name
39.483038799999996	115.9688632	China,Hebei province,zhuozhou	name
39.702907	119.16145	China,Hebei Qinhuangdao Changli	name
37.0658469	114.4921929	China,Hebei,Xingtai	name
48.000004700000005	127.99999199999999	China,heilongjiang	name
48.000004700000005	127.99999199999999	China,Heilongjiang	name
38.4425293	116.0901457	China,Hejian	name
34.0000001	113.9999999	China,Henan	name
22.350627	114.18491609999998	China,Hong Kong	name
32.776472999999996	102.652604	China,Hongyuan	name
38.366667	117.33333300000001	China,Huanghua	name
30.58333	114.26666999999999	China,Huazhong Agricultural University,Wuhan,Hubei	name
31.0	112.0	China,Hubei	name
30.8645392	120.09506780000001	China,Huzhou	name
43.2443242	114.32516640000001	China,Inner Mongolia	name
35.66667	127.53333	China,Jangsu	name
33.0000001	119.9999999	China,Jiangsu	name
33.0000001	119.9999999	China,Jiangsu Province	name
32.2139599	119.45801200000001	China,Jiangsu Province,Zhenjiang	name
28.0	116.0	China,Jiangxi	name
42.9995032	125.9816054	China,Jilin	name
42.9995032	125.9816054	China,Jilin Province	name
31.86389	117.28083000000001	China,Jiu Long Road,Hefei	name
37.462709999999994	118.49165	China,Kenli Petrochemical Plant,Dongying	name
30.4528163	116.3052676	China,lake Taihu	name
29.732966499999996	91.69107740000001	China,LaSa,XiZang	name
34.7757254	119.4436091	China,Liandao,Jiangsu	name
28.4704064	119.9184297	China,Lishui	name
49.6	117.43333	China,Manchuria	name
32.06167	118.77778	China,Mt. Zijing,Nanjing,Jiangsu	name
28.6792695	115.8885987	China,Nanchang	name
15.0	115.0	China,Nanhai,South China Sea	name
32.060973600000004	118.79164579999998	China,Nanjing	name
32.060973600000004	118.79164579999998	China,nanjing	name
31.9793325	120.88363580000001	China,nantong,Jiangsu Province	name
31.7095429	91.6417667	China,NaQu,Xizang	name
41.5	85.5	China,Northern Xinjiang	name
41.1169056	122.0655098	China,Panjin	name
14.177589999999999	121.27098000000001	China,Panjin,Liaodong Bay	name
36.6671006	117.0188337	China,Pearl Spring	name
39.9059631	116.391248	China,Peking	name
28.45322	117.9686	China,Poyang County,Shangrao	name
37.8800081	93.4885025	China,Qaidam Basin	name
30.81555	119.21502	China,Qiaotouzhen	name
36.0	96.0	China,Qinghai	name
36.0	96.0	China,Qinghai province	name
29.645397600000003	91.03431020000001	China,Qinghai-Tibet Plateau	name
36.0000001	118.9999999	China,Shandong	name
36.0000001	118.9999999	China,Shandong Province	name
31.2253441	121.4888922	China,Shanghai	name
31.041473800000002	121.8358713	China,Shanghai Laogang	name
24.8134099	113.5923564	China,Shaoguan	name
29.999242499999998	120.576854	China,Shaoxing	name
22.5445697	114.0545346	China,Shenzhen	name
30.500000099999998	102.4999999	China,Sichuan	name
30.500000099999998	102.4999999	China,SiChuan	name
30.5	105.5	China,Sichuan Basin	name
30.6765553	104.0612783	China,Sichuan,Chengdu	name
31.1244028	104.39013	China,Sichuan,Deyang	name
28.765792699999995	104.6353116	China,Sichuan,Yibin	name
29.3367271	104.77652950000001	China,Sichuan,Zigong	name
15.0	115.0	China,South China Sea	name
22.248228	114.1548993	China,Southern China	name
30.29365	120.16141999999999	China,suburbs,Hangzhou	name
41.3785479	122.42683429999998	China,Taian	name
41.3785479	122.42683429999998	China,taian	name
25.0	101.5	China,Tenchong area,Yunnan province	name
39.1235635	117.1980785	China,Tianjin	name
39.1235635	117.1980785	China,tianjin	name
29.9474143	119.3163061	China,Tianmu Mountain	name
43.117135	86.8370743	China,Tianshan No. 1 Glacier	name
32.000000199999995	89.9999998	China,Tibet	name
32.000000199999995	89.9999998	China,tibet	name
37.535243	122.05313559999999	China,Weihai,Shandong	name
30.5941299	114.29844140000002	China,Wuhan	name
30.483127500000002	114.3070428	China,Wuhan,Hubei	name
27.681864	112.62629199999999	China,XiangTan	name
37.0942412	114.4531506	China,Xingtai,Hebei	name
41.5	85.5	China,Xinjiang	name
39.920472	116.4110336	China,Xinjiang Municipality	name
41.5	85.5	China,Xinjiang Uyghur Autonomous Region	name
41.1665461	80.27369909999999	China,Xinjiang,Akesu	name
35.9068588	117.76243000000001	China,Xintai	name
34.271725	108.08001829999999	China,Yangling	name
36.0	124.0	China,Yellow Sea	name
25.0	102.0	China,Yunnan	name
25.0	102.0	China,Yunnan Province	name
25.0	102.0	China,Yunnan province	name
24.614790399999997	98.05474170000001	China,Yunnan province,Dehong	name
29.000000099999998	119.9999999	China,Zhejiang	name
32.06167	118.77778	China,Zhongshan moutain Nanjing	name
37.92672	102.63202	China,Zhuaxixiulong township,Tianzhu county,Wuwei city.	name
36.8047833	118.04444720000001	China,Zibo,Shandong	name
29.3367271	104.77652950000001	China,Zigong	name
7.111461099999999	-73.11728690000001	Colombia,Bucaramanga.	name
10.2735633	-84.0739102	Costa Rica	name
10.428398399999999	-84.0114719	Costa Rica,La Selva Biological Station	name
9.91179	-84.03407	Costa Rica,San Jose Province,Curridabat	name
9.945219999999999	-84.03927	Costa Rica,San Jose Province,Sabanilla	name
5.840295200000001	-7.6125503	Cote d'Ivoire,Thai National Park	name
49.816700299999994	15.4749544	Czech Republic	name
49.2529715	16.577577599999998	Czechoslovakia	name
36.3496963	127.384902	Daejeon,Republic of Korea	name
1.8330623	29.498077399999996	Democratic Republic of the Congo,Ituri	name
56.209795400000004	9.3000769	Denmark	name
56.14962779999999	10.2134046	Denmark,Aarhus	name
55.6441712	12.4772091	Denmark,Hvidovre	name
55.65719	12.47364	Denmark,near Hvidovre	name
-2.0	-80.0	Ecuador,Guayas	name
26.254049300000002	29.2675469	Egypt	name
63.2467777	25.9209164	Finland	name
60.1674086	24.9425683	Finland,Helsinki	name
46.603353999999996	1.8883334999999999	France	name
50.26348660000001	2.7884975	France,Beaurains	name
48.8088625	2.3568267999999994	France,Kremlin-Bicetre	name
-21.3432194	55.495756400000005	France,La Reunion Island	name
47.3886305	-0.3909097	France,Maine et Loire	name
48.856610100000005	2.3514992	France,Paris	name
47.6594864	-0.8186143	France,Pays de la Loire	name
49.601756	2.8716221	France,Picardie	name
48.584614	7.750712700000001	France,Strasbourg	name
43.6044622	1.4442469	France,Toulouse	name
41.6809707	44.02873820000001	Georgia	name
41.6395128	42.9859225	Georgia,Akhaltsikhe	name
41.5979339	41.9398463	Georgia,Keda	name
41.589696	41.6430602	Georgia,Khelvachauri	name
51.0834196	10.4234469	Germany	name
51.38333	8.08333	Germany,Arnsberg,North Rhine-Westphalia	name
53.9678417	14.1360155	Germany,Baltic Sea	name
52.517036499999996	13.388859900000002	Germany,Berlin	name
48.2634439	8.1647488	Germany,Black Forest	name
50.735851000000004	7.10066	Germany,Bonn	name
49.124118	8.5980244	Germany,Bruchsal	name
50.938361	6.959974000000001	Germany,Cologne	name
51.1999277	11.8331395	Germany,Dobichau	name
50.1155944	8.698393300000001	Germany,Frankfurt,Zoo	name
48.400827299999996	11.7439565	Germany,Freising	name
50.5862066	8.6742306	Germany,Giessen	name
51.5619065	9.950036500000001	Germany,Goettingen,German Primate Center	name
53.550341	10.000653999999999	Germany,Hamburg	name
52.374477899999995	9.738553199999998	Germany,Hannover	name
51.756190000000004	10.63462	Germany,Harz Mountains	name
48.7630165	11.4250395	Germany,Ingolstadt	name
54.3216753	10.137185800000001	Germany,Kiel	name
52.8398531	9.075961999999999	Germany,Lower Saxony	name
48.1371079	11.575382199999998	Germany,Munich	name
50.56109	8.50495	Germany,near Wetzlar	name
50.92957979999999	13.4585052	Germany,Saxony	name
51.908526	11.4939134	Germany,Saxony-Anhalt	name
53.69993	7.70288	Germany,Wadden Sea,Neuharlingersiel	name
51.834417200000004	10.7862526	Germany,Wernigerode	name
38.995368299999996	21.987713199999998	Greece	name
19.139995199999998	-72.35709720000001	Haiti	name
53.48333	6.55	Holland,Groningen,Waddenzee	name
15.2572432	-86.0755145	Honduras	name
22.350627	114.18491609999998	Hong Kong	name
47.1817585	19.5060937	Hungary	name
64.3103282	-20.3044875	Iceland,Geysir geothermal area	name
64.13136379999999	-21.7806171	Iceland,Keldur,Reykjavik	name
20.009515	64.42206039999999	India	name
27.8815412	78.06902159999999	India,Aligarh Hospital,Aligarh	name
30.7194022	76.7646552	India,Chandigarh	name
11.3306483	77.72765190000001	India,Erode	name
16.4913541	80.600482	India,Guntur,Andhra Pradesh	name
17.38405	78.45636	India,Haiderabad	name
19.531932	76.0554568	India,Maharashtra	name
18.9387544	72.83523819999999	India,Mumbai	name
28.6362997	77.1576444	India,Pusa	name
26.8105777	73.76845490000001	India,Rajasthan	name
27.330023699999998	88.61260940000001	India,Sikkim,North East India	name
13.5392	87.6709	Indian Ocean,Bay of Bengal	name
-4.7993356	114.56320320000002	Indonesia	name
-8.4560181	115.2703855	Indonesia,Bali	name
-6.596298599999999	106.79724209999999	Indonesia,Bogor	name
1.4296586000000002	114.7405992	Indonesia,Borneo Island	name
-7.801194500000001	110.36491699999999	Indonesia,Yogyakarta	name
32.9407495	52.9471344	Iran	name
27.131040000000002	57.08716	Iran,Hasht bandi,Minab,Hormozgan	name
28.47849	65.64355	Iran,Nikshahr,Sistan Baluchistan	name
52.865196	-7.9794599	Ireland	name
30.8760272	35.0015196	Israel	name
42.6384261	12.674297	Italy	name
45.706070000000004	11.51014	Italy,Aeolian Islands,Vulcano	name
41.00164	16.73378	Italy,Apulia (region)	name
44.4936714	11.343034699999999	Italy,Bologna	name
45.4667971	9.1904984	Italy,Milan	name
45.060735	7.923549	Italy,Piemonte	name
39.92667	16.11139	Italy,Pollino National Park,Basilicata	name
40.571868	9.692238	Italy,Sardinia,Siniscola	name
7.4608411	-7.7925644	Ivory Coast	name
18.185050699999998	-77.3947693	Jamaica	name
14.177589999999999	121.27098000000001	Jamaica,Hector's Bay	name
36.5748441	139.2394179	Japan	name
34.9991645	137.254574	Japan,Aichi	name
35.609984999999995	140.118126	Japan,Chiba	name
33.601364600000004	132.8185275	Japan,Ehime	name
37.760777000000004	140.4745807	Japan,Fukushima	name
34.8160532	134.6854525	Japan,Himeji	name
34.391605799999994	132.4518156	Japan,Hiroshima	name
42.9903482	142.4962523	Japan,Hokkaido	name
43.06451	141.3466	Japan,Hokkaido,Oshoro Bay	name
36.3420485	140.39843259999998	Japan,Ibaraki	name
35.991687	140.359492	Japan,Ibaraki,Lake Kasumigaura	name
31.572494	130.527873	Japan,Kagoshima,Kagoshima	name
46.91807	-104.00437	Japan,Kagoshima,Tokunoshima Island,Rikuhama beach	name
35.4342935	139.374753	Japan,Kanagawa	name
35.444990999999995	139.636768	Japan,Kanagawa,Yokohama	name
36.5459854	136.7065491	Japan,Kanazawa,Kanazawa Univrersity,Kakuma Campus	name
33.011748	132.9977961	Japan,Kuroshio region	name
35.0231321	135.7634074	Japan,Kyoto	name
35.991687	140.359492	Japan,Lake Kasumigaura	name
32.097681	131.29454199999998	Japan,Miyazaki	name
34.9789625	138.9491744	Japan,Nagakura	name
36.648327	138.13420280000003	Japan,Nagano,Nagano	name
33.1819875	131.42702169999998	Japan,Oita	name
34.8581334	133.7759256	Japan,Okayama	name
26.570775399999995	128.0255901	Japan,Okinawa	name
34.6937569	135.5014539	Japan,Osaka	name
33.297517	130.1082267	Japan,Saga	name
34.5816245	135.4663956	Japan,Sakai City,Osaka prefecture	name
41.2877084	140.9452446	Japan,Shimokita Peninsula	name
34.972588	138.93347680000002	Japan,Shizuoka,Izu peninsula	name
36.2	140.1	Japan,the bug was collected in Tsukuba	name
34.69686420000001	139.4049033	Japan,Tokyo	name
35.510719	133.496118	Japan,Tottori,Daisen	name
36.0833877	140.07650980000003	Japan,Tsukuba	name
33.8070292	135.5930743	Japan,Wakayama	name
31.1667049	36.941628	Jordan	name
50.2796448	57.2124606	Kazakhstan,Aktobe	name
1.4419683	38.431397499999996	Kenya	name
0.06116	34.28823	Kenya,Asembo sub-county of Siaya County	name
-1.2832533000000002	36.8172449	Kenya,Nairobi	name
36.5581914	127.9408564	Korea	name
36.07783	128.09022	Korea,Gimcheon	name
35.0158859	126.71083130000001	Korea,Naju	name
37.5666791	126.97829140000002	Korea,Seoul	name
34.311037299999995	126.7553933	Korea,Wando,Jeollanam-do	name
29.2733964	47.4979476	Kuwait	name
41.5089324	74.724091	Kyrgyzstan	name
55.350000300000005	23.7499997	Lithuania	name
-18.9249604	46.441642200000004	Madagascar	name
4.089206	100.562935	Malaysia	name
5.9737551	116.10724259999999	Malaysia,Borneo	name
5.9682875	100.6660103	Malaysia,Kedah	name
5.4065012999999995	100.25590770000001	Malaysia,Penang	name
4.7916539	100.9276057	Malaysia,Perak	name
3.2083304	101.304146	Malaysia,Selangor	name
16.3700359	-2.2900238999999996	Mali	name
35.0000035	19.9999957	Mediterranean Sea	name
19.4326009	-99.1333416	Mexico	name
19.524110500000003	-100.20477530000001	Mexico,Monarch Butterfly Biosphere Reserve	name
19.020517	-98.31138609999999	Mexico,Cholula,Puebla	name
26.846490000000003	-102.10378	Mexico,Churince,Cuatro Cienegas,Coahuila	name
16.2289372	-92.1204932	Mexico,Comitan de Dominguez,Chiapas	name
18.8802387	-99.1161408	Mexico,Cuernavaca Morelos	name
18.44	-99.02472	Mexico,Huautla Morelos	name
19.4326009	-99.1333416	Mexico,Mexico City	name
25.7210782	-100.5465213	Mexico,Monterrey NL	name
25.6461931	-100.296032	Mexico,Monterrey,Nuevo Leon	name
18.75	-99.0	Mexico,Morelos	name
18.1315	-96.84088	Mexico,Morelos,Sierra de Huautla	name
19.04334	-98.20193	Mexico,San Miguel Acuexcomac,state of Puebla	name
28.4893333	-108.69283329999999	Mexico,Sonora,El Riito	name
18.9885582	-99.1009832	Mexico,Tepoztlan,Morelos	name
6.891710099999999	158.2327877	Micronesia,Pohnpei	name
31.1728205	-7.3362482	Morocco	name
34.2583411	-6.5830166	Morocco,Maamora Forest	name
-23.2335499	17.323110699999997	Namibia	name
-18.9789515	15.7540014	Namibia,Etosha National Park	name
27.708796000000003	85.32024399999999	Nepal,Kathmandu	name
52.2379891	5.5346074	Netherlands	name
53.2190652	6.568007700000001	Netherlands,Groningen	name
53.48333	6.55	Netherlands,Groningen,Waddenzee	name
51.35099	5.6119699999999995	Netherlands,Sterksel	name
53.33390550000001	5.351490900000001	Netherlands,Terschelling	name
52.08095170000001	5.1276803	Netherlands,Utrecht	name
51.9685817	5.6682981	Netherlands,Wageningen	name
-21.3019905	165.48807730000001	New Caledonia	name
-41.5000831	172.83440769999999	New Zealand	name
-40.37825	175.62021000000001	New Zealand,Laboratory C4.21 of Science Towers,Palmerston North Massey University Campus	name
-40.356317	175.6112388	New Zealand,Palmerston North	name
-37.7853294	176.3270238	New Zealand,Te Puke	name
13.2764	7.169735	Niger,Madarounfa	name
9.6000359	7.999972099999999	Nigeria	name
55.333337300000004	2.9999964	North Sea	name
64.5731537	11.5280364	Norway	name
70.0	5.0	Norway,Norwegian sea	name
70.0	5.0	Norway,Norwegian Sea	name
64.5731537	11.5280364	Norway,south east	name
78.71985190000001	20.3493328	Norway,Svalbard	name
63.4344147	10.395932400000001	Norway,Trondheim fjord	name
21.000028699999998	57.00369010000001	Oman	name
-0.7031069999999999	-120.9375	Pacific Ocean	name
5.875	-162.056	Pacific Ocean,Palmyra Atoll	name
30.0	145.0	Pacific Ocean,Western North Pacific Station S1	name
30.3308401	71.247499	Pakistan	name
2.6479889	73.0062184	Pakistan,Khewra Salt Mine,Punjab	name
7.523223	134.57171599999998	Palau	name
9.154663699999999	-79.84795290000001	Panama,Barro Colorado Island	name
9.1878746	-79.81030290000001	Panama,Frijoles Peninsula	name
-5.6816069	144.2489081	Papua New Guinea	name
-6.8699697	-75.0458515	Peru	name
-4.5061344000000005	-73.575702	Peru,Nauta	name
-10.5	-75.25	Peru,Pasco	name
12.750348599999999	122.7312101	Philippines	name
14.1555036	121.2250135	Philippines,Los Banos	name
52.0977181	19.025815899999998	Poland	name
54.3614302	18.628233399999996	Poland,Gdansk	name
50.0469102	19.9970638	Poland,Krakow	name
51.3807987	16.4330936	Poland,lower Silesia	name
50.86573	18.82978	Poland,Truskolasy	name
52.2319237	21.006726500000003	Poland,Warsaw	name
53.516889500000005	15.074932800000001	Poland,Wislawie	name
51.126310600000004	16.9781963	Poland,Wroclaw	name
50.445143	16.8765836	Poland,Zloty Stok	name
40.033265	-7.889626299999999	Portugal	name
38.707750700000005	-9.1365919	Portugal,Lisbon	name
18.221417199999998	-66.4132819	Puerto Rico	name
25.3336984	51.2295295	Qatar	name
-0.7264326999999999	15.6419155	Republic of the Congo	name
45.98521289999999	24.6859225	Romania	name
64.6863136	97.7453061	Russia	name
50.595299	36.586933	Russia,Belgorod	name
54.5101087	36.2598115	Russia,Kaluga	name
65.0	130.0	Russia,Mammoth Mountain in the Aldan river valley in Central Yakutia (Eastern Siberia)	name
65.0	130.0	Russia,Mammoth Mountain,Aldan River Valley,Central Yakutia (Eastern Siberia)	name
55.7507178	37.6176606	Russia,Moscow	name
42.793361100000006	44.6324493	Russia,North Osetia,Caucasus	name
59.938731999999995	30.316228999999996	Russia,Saint-Petersburg	name
56.64677639999999	85.6221801	Russia,Tomsk region	name
56.858675	35.9208284	Russia,Tver	name
44.153412100000004	20.55144	Serbia	name
1.3408528	103.8784469	Singapore	name
48.74115220000001	19.4528646	Slovakia	name
-11.2958746	159.79191640000002	Solomon Islands,Rennell and Bellona	name
-10.6564401	166.0616684	Solomon Islands,Temotu	name
8.3676771	49.083416	Somalia	name
-33.7921749	19.8929785	South Africa,Africa	name
-28.7853618	26.4978933	South Africa,Free State	name
-33.3168847	26.5118354	South Africa,Kimberly	name
-24.0727778	31.625	South Africa,Kruger National Park	name
-26.276849	30.1500153	South Africa,Mpumalanga	name
-29.573402	21.2051361	South Africa,Northern Cape	name
36.5581914	127.9408564	South Korea	name
36.63722	127.48971999999999	South Korea,agricultural soil in Cheongju	name
37.3752369	127.09409199999999	South Korea,Bundang	name
35.1799528	129.0752365	South Korea,Busan	name
35.5443876	128.4921938	South Korea,Changnyeong	name
35.227956	128.6818586	South Korea,Changwon	name
36.6421169	127.48917420000001	South Korea,Cheongju	name
36.63722	127.48971999999999	South Korea,Cheongju-si,Chungcheongbuk-do	name
36.5886518	127.5693763	South Korea,Chungbuk	name
35.8494916	128.5599518	South Korea,Daegu	name
36.3496963	127.384902	South Korea,Daejeon	name
39.1101564	124.93152579999999	South Korea,East Sea	name
37.8179963	128.2183835	South Korea,Gangwon	name
37.8851289	128.8260492	South Korea,Gangwondo	name
34.880467700000004	128.621207	South Korea,Geoje	name
34.862829100000006	128.731725	South Korea,Geojedo	name
35.1601443	126.8513006	South Korea,Gwangju	name
37.393486100000004	127.1772294	South Korea,Gyeonggi	name
37.280882299999995	127.44291319999999	South Korea,Gyeonggi-Do,Icheon-Si	name
37.488170000000004	127.9857	South Korea,Hoengseong-gun,Gangwon-do	name
35.9479291	126.95780249999999	South Korea,Iksan	name
37.4734048	126.6165903	South Korea,Incheon	name
33.3940067	126.56266880000001	South Korea,Jeju	name
37.428740000000005	127.51128	South Korea,Jeonbuk	name
35.8242715	127.14806570000002	South Korea,Jeonju	name
35.309813299999995	126.982982	South Korea,Jeonnam	name
36.33571	127.64438	South Korea,Okcheon-gun,Chungcheongbuk-do	name
37.760999999999996	126.77271999999999	South Korea,Paju,Gyeonggi-do	name
35.1799528	129.0752365	South Korea,Pusan	name
33.40167	126.54611000000001	South Korea,Seongsan-ri,Jeju Island	name
37.5666791	126.97829140000002	South Korea,Seoul	name
34.134718799999995	128.06197279999998	South Korea,South sea	name
34.014720000000004	128.75666999999999	South Korea,southern sea	name
35.417559999999995	127.09674	South Korea,Sunchang	name
35.417559999999995	127.09674	South Korea,Sunchang County	name
35.1933058	126.821099	South Korea,Suwan	name
37.263332500000004	127.02874720000001	South Korea,Suwon	name
36.7454236	126.29836	South Korea,Taean	name
35.5487857	129.252024	South Korea,Ulsan Bay	name
35.919109999999996	127.17253999999998	South Korea,Wanju	name
36.655806899999995	128.44319299999998	South Korea,Yecheon	name
36.6403876	127.48552109999999	South Korea,Yeong-dong	name
34.754625700000005	127.65985900000001	South Korea,Yeosu	name
39.3262345	-4.838064900000001	Spain	name
37.83333	-5.2333300000000005	Spain,Andalusian,Hornachuelos	name
42.61946	-7.863111999999999	Spain,Galicia	name
37.183054	-3.6021928	Spain,Granada	name
40.416704700000004	-3.7035824999999996	Spain,Madrid	name
41.1172364	1.2546057	Spain,Tarragona	name
41.1396149	1.2197572	Spain,Tarragona,Catalonia	name
14.584444400000002	29.4917691	Sudan	name
78.71985190000001	20.3493328	Svalbard	name
59.67497120000001	14.5208584	Sweden	name
58.0125248	14.5906301	Sweden,Jonstorp	name
58.86666999999999	11.1	Sweden,Kosterfjorden	name
59.274737800000004	15.214998800000002	Sweden,Orebro	name
65.0872813	18.0419868	Sweden,Oresund	name
46.7985624	8.231973599999998	Switzerland	name
47.55810770000001	7.5878261	Switzerland,Basel	name
46.9482713	7.4514512	Switzerland,Bern	name
46.9482713	7.4514512	Switzerland,Berne	name
47.4708527	8.4026156	Switzerland,Boppelsen	name
46.2017559	6.146601400000001	Switzerland,Geneva	name
47.2753454	7.342831200000001	Switzerland,Perrefitte	name
47.372395700000006	8.5423216	Switzerland,Zuerich	name
34.6401861	39.0494106	Syria	name
23.5982979	120.83536310000001	Taiwan	name
23.992639899999997	121.6009524	Taiwan,Hualien	name
22.6203348	120.3120375	Taiwan,Kaohsiung	name
22.90029	120.54236999999999	Taiwan,Meinong District,Kaohsiung	name
23.97694	121.60444	Taiwan,Taroko National Park,Hualien	name
-6.5247123	35.7878438	Tanzania	name
14.8971921	100.83273	Thailand	name
15.224191699999999	101.93137540000001	Thailand,Nakhon Ratchasima	name
13.828362400000001	100.5683792	Thailand,southern	name
33.8439408	9.400138	Tunisia	name
38.959759399999996	34.9249653	Turkey	name
37.1642053	28.2624288	Turkey,Mugla	name
39.8205571	34.8094917	Turkey,Yozgat	name
1.5333553999999998	32.2166578	Uganda	name
24.0002488	53.999482900000004	United Arab Emirates	name
54.702354500000006	-3.2765752999999997	United Kingdom	name
52.795479099999994	-0.5402403	United Kingdom,England	name
54.702354500000006	-3.2765752999999997	United Kingdom,Great Britain	name
51.498796	-0.1769223	United Kingdom,Imperial College London	name
51.5073219	-0.1276474	United Kingdom,London	name
53.4702016	-2.2393218	United Kingdom,Manchester University	name
52.628606000000005	1.29227	United Kingdom,Norwich	name
56.78611120000001	-4.1140517999999995	United Kingdom,Scotland	name
55.9496416	-3.1902352	United Kingdom,Scotland,Edinburgh	name
51.271531599999996	-0.34145240000000004	United Kingdom,Surrey	name
51.481654600000006	-3.1791934	United Kingdom,Wales,Cardiff	name
52.279527	-1.5844827	United Kingdom,Warwick	name
-32.8755548	-56.0201525	Uruguay	name
39.7837304	-100.4458825	USA	name
37.8732096	-122.3002534	USA,94710	name
33.258881699999996	-86.8295337	USA,Alabama	name
42.268156899999994	-83.7312291	USA,Ann Arbor	name
34.395342	-111.76327549999999	USA,Arizona	name
35.2048883	-92.4479108	USA,Arkansas	name
34.395342	-111.76327549999999	USA,AZ	name
29.735504700000003	-94.97742740000001	USA,Baytown	name
41.4641008	-112.26300559999999	USA,Bear River Migratory Bird Refuge	name
39.0466167	-76.9385357	USA,Beltsville,MD	name
37.22957	-80.41394	USA,Blacksburg,VA	name
42.3602534	-71.0582912	USA,Boston	name
42.3602534	-71.0582912	USA,Boston,MA	name
36.7014631	-118.75599740000001	USA,CA	name
36.7014631	-118.75599740000001	USA,California	name
32.5841408	-115.4574045	USA,California ex Mexico	name
29.756202000000002	-95.0896573	USA,Channelview,Texas	name
41.8755546	-87.6244212	USA,Chicago	name
38.7251776	-105.60771670000001	USA,CO	name
38.7251776	-105.60771670000001	USA,Colorado	name
41.78976	-87.59976999999999	USA,Comer Children's Hospital at the University of Chicago	name
41.6500201	-72.7342163	USA,Connecticut	name
41.1670412	-73.2048348	USA,Connecticut,Bridgeport	name
40.6871915	-73.97620079999999	USA,Conneticut	name
37.841102	-122.1097645	USA,Contra Costa County,California	name
38.5509595	-121.7680821	USA,Davis,CA	name
38.8936613	-76.9878833	USA,DC	name
39.7459468	-75.546589	USA,Delaware,Wilmington	name
44.0521245	-123.0948095	USA,Eugene,OR	name
64.750997	-147.349319	USA,Fairbanks,AK	name
27.7567667	-81.4639835	USA,Fl	name
27.7567667	-81.4639835	USA,FL	name
27.7567667	-81.4639835	USA,Florida	name
28.6021189	-81.1909382	USA,Florida,Orange County,UCF Arboretum	name
32.329380900000004	-83.1137366	USA,GA	name
35.5088778	-108.81223229999999	USA,Gallup,NM	name
32.329380900000004	-83.1137366	USA,Georgia	name
29.1869	-89.93674	USA,Gulf of Mexico	name
39.6634258	-78.20806309999999	USA,Hagerstown,Pennsylvania	name
21.2160437	-157.975203	USA,Hawaii	name
21.2586617	-157.7932185	USA,Hawaii,Honolulu,Black Point Bay	name
47.3693305	-92.9847978	USA,Hibbing,MN	name
43.644764200000004	-114.0154071	USA,Idaho	name
40.079660600000004	-89.4337288	USA,IL	name
40.079660600000004	-89.4337288	USA,Illinois	name
32.7812755	-115.5700918	USA,Imperial Valley,California	name
40.327012700000004	-86.1746933	USA,Indiana	name
41.9216734	-93.3122705	USA,Iowa	name
33.685696899999996	-117.82598190000002	USA,Irvine	name
42.43861079999999	-76.49974830000001	USA,Ithaca,NY	name
37.254581	-77.409429	USA,James River near Chester,VA	name
38.27312	-98.58218719999999	USA,Kansas	name
37.5726028	-85.1551411	USA,Kentucky	name
37.5726028	-85.1551411	USA,KY	name
40.8	-96.66782099999999	USA,Lincoln,NE	name
41.66704	-72.66648	USA,Long Island Sound,Connecticut	name
30.8703881	-92.007126	USA,Louisiana	name
42.3788774	-72.03236600000001	USA,MA	name
44.032857299999996	-69.5186585	USA,Maine,Damariscotta River	name
39.5162234	-76.9382069	USA,Maryland	name
42.3788774	-72.03236600000001	USA,Massachusetts	name
42.3602534	-71.0582912	USA,Massachusetts,Boston	name
39.5162234	-76.9382069	USA,MD	name
43.6211955	-84.6824346	USA,MI	name
43.0171773	-83.7236024	USA,Michigan,Flint	name
43.411390999999995	-106.280075	USA,midwest	name
45.98965870000001	-94.6113288	USA,Minnesota	name
48.0690686	-91.10830759999999	USA,Minnesota area	name
32.9715645	-89.7348497	USA,Mississippi	name
34.4045495	-90.572325	USA,Mississippi (Mississippi river delta)	name
45.98965870000001	-94.6113288	USA,MN	name
47.3752671	-109.63875790000002	USA,Montana	name
47.3752671	-109.63875790000002	USA,MT	name
35.6729639	-79.03929190000001	USA,NC	name
41.7370229	-99.5873816	USA,Nebraska	name
45.437905	-123.947521	USA,Netarts Bay Oregon	name
39.515882500000004	-116.85372269999999	USA,Nevada	name
40.0757384	-74.4041622	USA,New Jersey	name
35.0841034	-106.6509851	USA,New Mexico,Albuquerque	name
40.7308619	-73.9871558	USA,New York	name
40.7308619	-73.9871558	USA,New York City	name
43.1561681	-75.84499459999999	USA,New York State	name
42.4396039	-76.49680190000001	USA,New York,Ithaca	name
40.7412359	-73.3566912	USA,New York,NY	name
40.8832318	-72.8578027	USA,New York,Suffolk County	name
40.0757384	-74.4041622	USA,NJ	name
34.5708167	-105.993007	USA,NM	name
35.6729639	-79.03929190000001	USA,North Carolina	name
43.1561681	-75.84499459999999	USA,NY	name
40.7308619	-73.9871558	USA,NY,New York	name
41.2230048	-111.9738429	USA,Ogden	name
40.225356899999994	-82.6881395	USA,OH	name
40.225356899999994	-82.6881395	USA,Ohio	name
34.9550817	-97.2684063	USA,Oklahoma	name
40.9699889	-77.72788309999999	USA,PA	name
39.2853847	-76.60100959999998	USA,Pacific Coast	name
47.263157	-122.24006599999998	USA,Pacific Ocean coast,Washington	name
40.9699889	-77.72788309999999	USA,Pennsylvania	name
40.6022059	-75.47127940000001	USA,Pennsylvania,Allentown	name
39.9524152	-75.16357550000001	USA,Pennsylvania,Philadelphia	name
40.4416941	-79.99008609999998	USA,Pennsylvania,Pittsburgh	name
39.9524152	-75.16357550000001	USA,Philadelphia	name
34.2748108	-118.5369002	USA,Porter Ranch,CA	name
45.5198289	-122.67797959999999	USA,Portland,Oregon	name
38.45728	-76.74168900000001	USA,Potomac River near Nanjemoy,MD	name
41.7962409	-71.59923719999999	USA,RI	name
41.6012248	-71.3219958	USA,RI,Narragansett Bay	name
49.1977086	-123.1912406	USA,Richmond,VA	name
40.4881605	-74.4107062	USA,Rutgers	name
29.868088	-95.288713	USA,San Jacinto River sediment in Houston,Texas	name
37.35411320000001	-121.95517439999999	USA,Santa Clara	name
47.6038321	-122.3300624	USA,Seattle	name
47.65432379999999	-122.30800890000002	USA,Seattle,Washington	name
41.07311	-72.3393993	USA,Shelter Island,NY	name
44.6471761	-100.348761	USA,South Dakota	name
29.531786	-95.370974	USA,southwestern US	name
44.956750799999995	-93.076585	USA,St. Paul,MN	name
35.7730076	-86.28200809999998	USA,Tennessee	name
31.8160381	-99.51209859999999	USA,Texas	name
33.469840000000005	-88.81200000000001	USA,Texas,Channelview,Moncrief Park	name
29.7589382	-95.36769740000001	USA,Texas,Houston	name
29.7766414	-95.07475009999999	USA,Texas,Houston,San Jacinto River	name
27.0065425	-98.7047316	USA,Texas,Jim Hogg County	name
29.424600199999997	-98.4951405	USA,Texas,San Antonio	name
35.7730076	-86.28200809999998	USA,TN	name
32.129683899999996	-82.3299928	USA,Toombs County,GA	name
36.132723	-111.241773	USA,Tuba City,AZ	name
39.60317	-74.34015	USA,Tuckerton,New Jersey	name
31.8160381	-99.51209859999999	USA,TX	name
32.7209361	-117.17400009999999	USA,University of California,Berkeley	name
41.66016	-91.54873	USA,University of Iowa Hospitals and Clinics Iowa City,IA	name
30.1827554	-101.28318279999999	USA,University of Texas Medical School	name
47.652767	-122.31336	USA,University of Washington Seattle,WA	name
40.808749299999995	-77.8585662	USA,University Park	name
39.4225192	-111.71435840000001	USA,UT	name
39.4225192	-111.71435840000001	USA,Utah	name
37.1232245	-78.4927721	USA,VA	name
37.1232245	-78.4927721	USA,Virginia	name
37.377120899999994	-76.6531574	USA,Virginia,York River	name
47.2868352	-120.2126139	USA,WA	name
47.6038321	-122.3300624	USA,WA,Seattle	name
47.2868352	-120.2126139	USA,Washington (state)	name
38.8949549	-77.03664559999999	USA,Washington D.C.	name
47.2868352	-120.2126139	USA,Washington State	name
46.206799700000005	-119.7689222	USA,Washington,Prosser	name
43.0407879	-89.3953702	USA,WI,Madison (University of Wisconsin-Madison)	name
41.8648767	-72.75122370000001	USA,Windsor,CT	name
44.4308975	-89.6884637	USA,Wisconsin	name
43.130026	-82.798263	USA,Yale	name
13.2904027	108.42651129999999	Viet Nam	name
10.8046591	106.7078477	Viet Nam,Binh Thanh	name
21.0292095	105.85247	Viet Nam,Hanoi	name
13.2904027	108.42651129999999	Vietnam	name
-13.1042049	28.3266039	Zambia,Central Africa	name
-18.4554963	29.746841399999997	Zimbabwe	name
-73.5093525	163.367408	Antarctica,Mount Rittmann	name
65.5336238	72.51139549999999	Russia,Nadym	name
33.3940067	126.56266880000001	South Korea,Jeju-do	name
36.370290399999995	127.34780459999999	Korea,Chungnam	name
68.5	154.0	Russia,Kolyma,Lowlands	name
36.370290399999995	127.34780459999999	South Korea,chungnam	name
54.8210546	26.9680148	Belarus,Myadzel	name
60.9862581	9.2363406	Norway,Fagernes	name
45.283513	34.2007954	Ukraine,Crimea	name
53.6168257	108.1318705	Russia,Baikal Lake	name
27.7394252	128.953525	Japan,Kagoshima,Tokunoshima Island	name
52.0096139	5.6639302	Netherlands,Bennekom	name
18.839444399999998	-98.0569444	Mexico,Pueblo,San Miguel Acuexcomac	name
44.3569511	135.836553	Russia,Bukhta Rudnaya	name
25.112295	121.52178020000001	Taiwan,Kueishan	name
23.25	57.33	Oman,Al Jabal Al Akhdar	name
36.7466718	-4.0538159	Spain,Algarrobo Costa	name
36.089509299999996	120.3497193	China,Qingdao	name
48.3954965	10.005889999999999	Germany,Ulm,Neu-Ulm	name
-41.3269883	-72.9704905	Chile,Region de los Lagos	name
0.05	34.54	0.05N;34.54E	coordinates
43.602777	13.453883	43.602777N;13.453883E	coordinates
41.52925	-70.66646	USA,Trunk River,Woods Hole,Massachusetts	name
46.8	8.233333	46.8N;8.233333E	coordinates
23.13	113.27	23.13N;113.27E	coordinates
57.9074615	42.6421869	Russia,South Ural	name
36.974201	-122.0297182	USA,Santa Cruz	name
46.9322404	7.420469199999999	Switzerland,Liebefeld	name
44.885622999999995	0.811743	France,River Dordogne	name
51.5073219	-0.1276474	United Kingdom,England,London	name
52.524618200000006	-1.4684488000000002	United Kingdom,England,Nuneaton	name
-12.982249900000001	-38.48127720000001	Brazil,Salvador	name
-2.9814344	23.822263600000003	Democratic Republic of the Congo	name
40.44	-79.96	40.44N;79.96W	coordinates
50.80843170000001	4.9464292	Belgium,Flanders,Tienen	name
-19.9227318	-43.9450948	Brazil,Belo Horizonte	name
45.738887	7.426186599999941	45.738887N;7.426186599999937E	coordinates
63.61472222	10.52277778	63.61472222N;10.52277778E	coordinates
34.3	119.3	34.3N;119.3E	coordinates
35.503331	129.382608	35.503331N;129.382608E	coordinates
-3.32	37.327	3.320S;37.327E	coordinates
48.000004700000005	127.99999199999999	China,Heilongjiang Province	name
23.3	120.25	23.30N;120.25E	coordinates
26.164754000000002	109.09953600000001	China,Liping,Guizhou province	name
32.15	109.01	32.15N;109.01E	coordinates
64.875646	-147.668981	64.875646N;147.668981W	coordinates
40.0	116.0	40N;116E	coordinates
27.6662087	111.74870630000001	China,Hunan	name
-4.673611	55.461889	4.673611S;55.461889E	coordinates
39.9	116.0	39.9N;116E	coordinates
41.554619	111.532967	41.554619N;111.532967E	coordinates
28.6581723	121.4163876	China,Zhejiang,Taizhou	name
30.436677000000003	90.89555899999999	China,Dangxiong	name
31.95	118.73	31.95N;118.73E	coordinates
37.8137692	120.7599494	China,Penglai	name
24.0659	-74.5447	24.0659N;74.5447W	coordinates
38.0295066	-121.929829	USA,Contra Costa,CA	name
22.746229	38.997108000000004	Saudi Arabia,Rabigh harbor lagoon	name
30.6289	104.0894	30.6289N;104.0894E	coordinates
30.636999999999997	104.0904	30.6370N;104.0904E	coordinates
30.6306	104.0901	30.6306N;104.0901E	coordinates
26.5860102	101.7179276	China,Panzhihua,Sichuan	name
39.00039	-76.74996999999999	USA,Deitrick,MD	name
36.974201	-122.0297182	USA,Santa Cruz,CA	name
39.339824	117.36783600000001	China,Tianjing	name
36.8584149	127.70957460000001	South Korea,Chungcheongbuk-do	name
29.5644022	103.7620393	China,Leshan,Sichuan	name
-33.8688	151.2093	33.8688S;151.2093E	coordinates
54.614343000000005	-5.899904599999999	United Kingdom,Belfast,Northern Ireland	name
37.0902	-95.7129	37.0902N;95.7129W	coordinates
19.45	-99.12	19.45N;99.12W	coordinates
16.07	-91.45	16.07N;91.45W	coordinates
19.0	-97.0	19N;97W	coordinates
29.210706	119.455975	China,Tangbiao village Lanxi town Zhejiang province	name
30.482490000000002	120.50890600000001	China,Zhejiang,Maternal and Child Health Hospital	name
41.801075	123.43033510000001	China,Liaoning Province	name
36.97	127.61	36.97N;127.61E	coordinates
47.2017	-94.9925	47.2017N;94.9925W	coordinates
38.7604815	-92.5617875	USA,Missouri	name
61.8751	-33.7131	61.8751N;33.7131W	coordinates
39.1195569	-84.5266324	USA,Cincinnati,Ohio	name
27.51	106.22	27.51N;106.22E	coordinates
25.24	103.46	25.24N;103.46E	coordinates
47.810417	-122.38733300000001	47.810417N;122.387333W	coordinates
44.1242	-92.2746	44.1242N;92.2746W	coordinates
37.56	126.98	37.56N;126.98E	coordinates
24.080766699999998	120.5423	Taiwan,Changhua	name
34.914934	134.86066599999998	Japan,Hyogo	name
49.23	8.42	49.23N;8.42E	coordinates
43.9792797	-120.737257	USA,OR	name
23.1301964	113.25929450000001	China,Guangzhou city	name
28.1979483	112.97133000000001	China,changsha	name
40.15	116.72	40.15N;116.72E	coordinates
53.9260807	27.682201399999997	53.9260807N;27.6822014E	coordinates
-29.165961	81.52331	Indian Ocean	name
47.9960901	7.849400500000001	Germany,Freiburg	name
40.37	0.39	40.37N;0.39E	coordinates
39.6134018	2.8804305	Spain,Mallorca Island	name
36.1314	-95.93700000000001	36.1314N;95.937W	coordinates
22.5000001	-100.5000001	Mexico,San Luis Potosi	name
30.0338923	-115.1425107	Mexico,Baja California	name
25.531139399999997	-103.4736173	Mexico,Torreon,Coahuila	name
16.900376899999998	-99.8454285	Mexico,Acapulco,Guerrero	name
20.676143	-103.3469982	Mexico,Guadalajara	name
28.019237	-82.13894300000001	USA,Sand Key,Florida	name
24.817216000000002	-80.815077	USA,Long Key,Florida	name
33.254721	126.57542600000001	South Korea,Namjeju	name
35.503839	128.7466992	South Korea,Miryang	name
34.83696	127.9294	South Korea,Namhae	name
35.23109470000001	128.8908228	South Korea,Gimhae	name
34.57329	126.58958500000001	South Korea,Haenam	name
34.9906345	126.4807493	South Korea,Muan	name
34.7733949	127.09801110000001	South Korea,Boseong	name
33.38666	126.60401	South Korea,Bukjeju	name
35.2781217	126.51151580000001	South Korea,Yeonggwang	name
35.803815	126.88055700000001	South Korea,Gimje	name
36.8132374	127.7870787	South Korea,Goesan	name
37.57	128.98	37.57N;128.98E	coordinates
39.25	3.01	39.25N;3.01E	coordinates
38.11	-0.43	38.11N;0.43W	coordinates
8.16	-67.61	8.16N;67.61W	coordinates
34.7979	126.62651000000001	South Korea,Yeongam,Jeollanam-do	name
36.6507007	117.11400420000001	China,Jinan	name
40.22	116.2	40.22N;116.20E	coordinates
30.2925157	109.4748116	China,Enshi	name
48.2942	16.3418	48.2942N;16.3418E	coordinates
10.805499000000001	106.694308	10.805499N;106.694308E	coordinates
34.05722	-118.336003	USA,Los Angeles	name
55.38	12.28	55.38N;12.28E	coordinates
35.272089	139.5862	35.272089N;139.586200E	coordinates
-19.9132187	-44.0433904	Brazil,Belo Horizonte,MG	name
-31.670528000000004	18.473383300000002	31.670528S;18.4733833E	coordinates
22.5323	88.3292	22.5323N;88.3292E	coordinates
22.6878	75.8542	22.6878N;75.8542E	coordinates
32.71	-117.16	32.71N;117.16W	coordinates
28.0152686	120.6558736	China,Wenzhou	name
31.9292352	77.1828462	India,Himachal Pradesh	name
35.631549	139.745949	35.631549N;139.745949E	coordinates
40.0764685	-75.24849209999999	USA,PA,Chesnut Hill	name
10.909433400000001	78.3665347	India,Tamil Nadu	name
27.298007000000002	-82.539373	USA,Rock Key,Florida	name
31.49	117.13	31.49N;117.13E	coordinates
30.6954	76.7313	30.6954N;76.7313E	coordinates
19.0335	72.8383	19.0335N;72.8383E	coordinates
46.8371	-71.2265	46.8371N;71.2265W	coordinates
36.37323920000001	116.52364840000001	China,Shandong province,hospital	name
51.9568581	20.1430044	Poland,Skierniewice	name
39.09	-94.57	39.09N;94.57W	coordinates
35.9132	-79.0558	35.9132N;79.0558W	coordinates
18.79038	98.98468000000001	18.79038N;98.98468E	coordinates
52.1167	5.9	52.1167N;5.9E	coordinates
35.919109999999996	127.17253999999998	South Korea,Wanju-gun	name
38.6268039	-90.1994097	USA,Missouri,Saint Louis	name
35.503005	129.382142	35.503005N;129.382142E	coordinates
35.569906700000004	126.8559787	South Korea,jeongeup-si	name
-20.507106699999998	-29.340805	Brazil,Trindade Island	name
29.7589382	-95.36769740000001	USA,Houston	name
32.825647100000005	35.0819476	Israel,Lake Kinneret	name
5.33	103.14	5.33N;103.14E	coordinates
50.85	4.45	50.85N;4.45E	coordinates
40.657	109.84	40.657N;109.84E	coordinates
23.2	113.3	23.20N;113.30E	coordinates
-22.5309	-48.2642	22.5309S;48.2642W	coordinates
52.451397	-1.941253	52.451397N;1.941253W	coordinates
13.033617999999999	80.24512800000001	13.033618N;80.245128E	coordinates
37.1994653	126.8312632	South Korea,Hwaseong	name
35.247153999999995	136.109385	Japan,Shiga	name
38.657333	-0.18899999999999997	38.657333N;0.189000W	coordinates
2.8894433999999998	-73.78389200000001	Colombia	name
23.5	113.0	23.5N;113E	coordinates
32.4849554	119.9117284	China,Taizhou	name
20.1648992	-98.2017624	Mexico,Acaxochitlan,Hidalgo	name
-21.918285600000004	144.4588889	Australia,Queensland	name
39.86	116.3	39.86N;116.30E	coordinates
30.445959600000002	-91.18738	USA,Baton Rouge	name
22.821165399999998	108.3159756	China,Nanning	name
23.1291	113.2644	23.1291N;113.2644E	coordinates
11.81895	79.51495	11.81895N;79.51495E	coordinates
36.57	126.6	36.57N;126.60E	coordinates
36.57	126.6	36.570N;126.60E	coordinates
32.4	119.4	32.40N;119.40E	coordinates
35.1343573	115.17033	China,Heze City,Shandong Province	name
45.852062	9.415055	45.852062N;9.415055E	coordinates
49.1452514	0.2285333	France,Calvados,Normandie	name
59.3251172	18.0710935	Sweden,Stockholm	name
75.44	-169.1	75.44N;169.10W	coordinates
-8.2993184	150.024806	Pacific Ocean,New Britain Trench	name
30.0	120.0	30N;120E	coordinates
45.51	-73.33	45.51N;73.33W	coordinates
31.276078899999998	114.64202790000002	China,Hubei,Hongan	name
62.1	-6.65	62.1N;6.65W	coordinates
36.639501	127.329454	36.639501N;127.329454E	coordinates
46.63	16.34	46.63N;16.34E	coordinates
22.756	-46.081	22.756N;46.081W	coordinates
-1.7506341	29.9973337	Rwanda,Rulindo	name
22.84	108.33	22.84N;108.33E	coordinates
10.76805	106.669393	10.768050N;106.669393E	coordinates
66.835091	14.697728	Norway,Nordland county	name
10.804412	106.69426899999999	10.804412N;106.694269E	coordinates
41.874364299999996	-87.66954129999999	41.8743643N;87.6695413W	coordinates
35.181666	136.906688	35.181666N;136.906688E	coordinates
22.767065	120.363828	22.767065N;120.363828E	coordinates
10.211670199999999	38.6521203	Ethiopia	name
-27.0547	-52.3706	27.0547S;52.3706W	coordinates
51.54497	9.940535	51.544970N;9.940535E	coordinates
36.990733399999996	127.92598909999998	South Korea,Chungju	name
25.126431	-80.5422195	USA,Grecian Rocks,Florida	name
25.722161	-80.373677	USA,Key West waste water treatment plant influent,Florida	name
30.17	-97.44	30.17N;97.44W	coordinates
12.466689	102.136043	12.466689N;102.136043E	coordinates
34.3371	-113.626	34.3371N;113.626W	coordinates
40.70295	-89.591942	40.702950N;89.591942W	coordinates
23.6345	-102.5528	23.6345N;102.5528W	coordinates
30.3753	69.3451	30.3753N;69.3451E	coordinates
23.685	90.3563	23.6850N;90.3563E	coordinates
20.5937	78.9629	20.5937N;78.9629E	coordinates
-18.6657	35.5296	18.6657S;35.5296E	coordinates
17.5707	-3.9962	17.5707N;3.9962W	coordinates
13.4432	-15.3101	13.4432N;15.3101W	coordinates
31.822809399999997	117.2218033	China,hefei	name
23.08	113.14	23.08N;113.14E	coordinates
35.689487	139.691706	35.689487N;139.691706E	coordinates
34.816272999999995	127.929331	34.816273N;127.929331E	coordinates
50.5	4.46	50.50N;4.46E	coordinates
49.89	-97.14	49.89N;97.14W	coordinates
38.03	23.79	38.03N;23.79E	coordinates
52.26	30.59	52.26N;30.59E	coordinates
-34.62	-72.45	34.62S;72.45W	coordinates
39.983318	116.361425	39.983318N;116.361425E	coordinates
24.515407	101.401119	China,Yunan	name
53.902333999999996	27.561879100000002	Belarus,Minsk	name
-69.0	77.0	69S;77E	coordinates
43.6211955	-84.6824346	USA,MICHIGAN	name
24.748029000000002	46.856851	24.74802900N;46.85685100E	coordinates
30.17	120.09	30.17N;120.09E	coordinates
31.6359	130.7814	31.6359N;130.7814E	coordinates
36.6782167	139.8096549	Japan,Tochigi	name
42.97	141.4	42.97N;141.40E	coordinates
42.96	141.16	42.96N;141.16E	coordinates
35.68	139.76	35.68N;139.76E	coordinates
34.8	133.0	34.8N;133.0E	coordinates
34.47	135.3	34.47N;135.30E	coordinates
33.49	130.57	33.49N;130.57E	coordinates
31.521587	130.5474077	Japan,Kagoshima	name
36.55	136.65	36.55N;136.65E	coordinates
53.52998	8.11253	North Sea,Near Wilhelmshaven	name
-11.75	-49.05	11.75S;49.05W	coordinates
35.1072	139.0477	35.1072N;139.0477E	coordinates
45.335071	-117.07776899999999	45.33507100N;117.07776900W	coordinates
45.335071	-117.07776899999999	45.335071N;117.077769W	coordinates
43.60859680175779	3.87317752838135	43.6085968017578N;3.87317752838135E	coordinates
37.5158333333333	-106.769166666667	37.5158333333333N;106.769166666667W	coordinates
48.135161	-1.7869380000000001	48.135161N;1.786938W	coordinates
31.589772399999998	78.27712559999999	India,Himachal Pradesh,Pangi	name
25.0173	121.54	25.0173N;121.54E	coordinates
30.8645392	120.0950678	China,Zhejiang Province,Huzhou	name
34.0489	-111.0936	34.0489N;111.0936W	coordinates
45.4371908	12.3345898	Italy,Venice	name
51.973	-1.933	51.973N;1.933W	coordinates
55.298	12.416	55.298N;12.416E	coordinates
48.196	-1.731	48.196N;1.731W	coordinates
56.503	8.242	56.503N;8.242E	coordinates
56.478	8.201	56.478N;8.201E	coordinates
56.469	8.233	56.469N;8.233E	coordinates
56.53	8.43	56.53N;8.43E	coordinates
56.379	8.338	56.379N;8.338E	coordinates
56.436	8.308	56.436N;8.308E	coordinates
56.458	8.528	56.458N;8.528E	coordinates
56.469	8.211	56.469N;8.211E	coordinates
56.436	8.311	56.436N;8.311E	coordinates
56.531	8.167	56.531N;8.167E	coordinates
56.469	8.215	56.469N;8.215E	coordinates
56.534	8.184	56.534N;8.184E	coordinates
56.372	8.369	56.372N;8.369E	coordinates
55.096	9.274	55.096N;9.274E	coordinates
55.155	9.348	55.155N;9.348E	coordinates
55.096	9.272	55.096N;9.272E	coordinates
55.248	9.177	55.248N;9.177E	coordinates
55.07	9.233	55.07N;9.233E	coordinates
55.019	9.064	55.019N;9.064E	coordinates
55.884	9.163	55.884N;9.163E	coordinates
55.168	9.241	55.168N;9.241E	coordinates
55.995	9.373	55.995N;9.373E	coordinates
55.875	9.189	55.875N;9.189E	coordinates
55.703	8.534	55.703N;8.534E	coordinates
54.926	9.049	54.926N;9.049E	coordinates
54.926	9.057	54.926N;9.057E	coordinates
54.99	9.429	54.99N;9.429E	coordinates
54.988	9.232	54.988N;9.232E	coordinates
54.98	9.216	54.98N;9.216E	coordinates
56.714	9.914	56.714N;9.914E	coordinates
56.713	9.913	56.713N;9.913E	coordinates
56.785	10.217	56.785N;10.217E	coordinates
56.721	9.646	56.721N;9.646E	coordinates
56.135	8.446	56.135N;8.446E	coordinates
55.793	9.375	55.793N;9.375E	coordinates
56.227	8.172	56.227N;8.172E	coordinates
56.121	8.138	56.121N;8.138E	coordinates
55.711	8.34	55.711N;8.34E	coordinates
55.104	8.974	55.104N;8.974E	coordinates
55.827	9.293	55.827N;9.293E	coordinates
56.04	8.433	56.04N;8.433E	coordinates
56.04	8.385	56.04N;8.385E	coordinates
56.028	8.366	56.028N;8.366E	coordinates
56.039	8.328	56.039N;8.328E	coordinates
